:020000040800F2
:1000000020160020490100086D1400088512000820
:1000100069140008A9090008E7240008000000008E
:10002000000000000000000000000000D5180008DB
:10003000850A00080000000065150008E91900089D
:100040006301000863010008630100086301000800
:10005000630100086301000863010008250C000823
:1000600063010008290C0008A90C000863010008BE
:10007000210A000863010008630100086301000809
:1000800063010008630100086301000863010008C0
:10009000630100086301000863010008290D0008DE
:1000A00063010008630100086301000863010008A0
:1000B000630100084D1A000863010008630100088D
:1000C0006301000863010008630100086301000880
:1000D000630100086521000863010008C5220008CB
:1000E000190B0008630100086301000863010008A0
:1000F0006301000863010008630100086301000850
:100100006301000863010008911A000863010008F8
:100110006301000863010008B11D000863010008C5
:10012000630100086301000863010008630100081F
:10013000DFF810D000F01AFC0048004749480008DA
:10014000AFF300802016002006488047064800478D
:10015000FEE7FEE7FEE7FEE7FEE7FEE7FEE7FEE777
:10016000FEE7FEE7ED19000831010008D2B201E018
:1001700000F8012B491EFBD270470022F6E710B5AC
:1001800013460A4604461946FFF7F0FF204610BD05
:1001900030B504460020034600E05B1C934203D2C6
:1001A000E05CCD5C401BF8D030BDF0B480EA0102C9
:1001B000D40F4200B2EB410F02D20246084611466C
:1001C0004A0042D0C30DDDB2C1F3C752AD1A202D93
:1001D00035DAC1F3160141F4000204B15242C5F10F
:1001E000200602FA06F12A411044B3EBD05F23D077
:1001F000C4B1012DA0EBC35009DCF0BC4FF00042AC
:1002000002EAC352DBB200F5000000F0B1BA4000D0
:1002100000F1807000EBC350A0F1807040EAD17013
:10022000490009E0490841EAC071A0EBC35000F55C
:100230000000400800EBC350F0BC00F090BA6142EF
:10024000012202EB4101001BF6E7F0BC704781F090
:100250000041AAE780F00040A7E780EA010210B55C
:1002600002F00043400022D04A001FD0010E01EBF3
:100270001261C0F35600C2F3560240F4000042F48B
:100280000002A0FB022000047F39140400D0401CAF
:1002900050EA124001D44000491EC2B20C0604EBE1
:1002A000D010401C4008802A02D003E0002010BD7E
:1002B00020F00100002900DA0020184310BD30B4FE
:1002C00080EA010202F0004530F0004221F00040D7
:1002D00013D090B1C30DD40DC2F31601C0F31600B4
:1002E000E41A41F4000140F400027D34914201D34C
:1002F000641C00E04900002C02DA30BC002070478A
:100300004FF400000023914201D3891A03434008AF
:100310004FEA4101F7D151B1914202D14FF0004172
:1003200005E002D24FF0010101E06FF0010103EBA3
:10033000C450284430BC00F012BA2DE9FE4F80466C
:1003400081EA0300C00F0C46009021F0004123F029
:100350000045B8EB0200A94105D24046214690462F
:100360001C460B46024623F00040104347D0270DA1
:10037000C7F30A00C3F30A510290401A01904028C3
:100380006BDAC3F3130040F4801B0098924620B14F
:100390000023D2EB030A63EB0B0B01985946C0F123
:1003A0004002504600F0AAF906460D46504659460E
:1003B000019A00F0C2F910EB08006141002487EABD
:1003C000115284EAE7731A4340D0009A62B3019A4B
:1003D000012A4FEA075215DC001B61EB02014FF0C6
:1003E000004202EA0752CDE90042001C41F58011AB
:1003F00032462B4600F046FA03B0BDE8F08F404687
:100400002146F9E7001B61EB0201001C41F5801356
:1004100000185B412018A2F5001747EB030140EAE2
:10042000D570B6196D4111E06D084FEA360645EA00
:10043000C0754FEA0752001B61EB0201001C41F539
:10044000801149084FEA30000019514132462B46CD
:1004500003B0BDE8F04F00F006BA0098012240005A
:100460000023D0EB020263EBE073009821464FEAD1
:10047000E074B8EB000061EB0401E9E783F00043AE
:100480005BE781F0004158E72DE9FE4F81EA030464
:1004900004F0004421F0004100944FF0000B23F0E1
:1004A000004350EA01045ED052EA03045BD0C3F378
:1004B0000A54C1F30A552C44A4F2F3340194A0FB6E
:1004C0000254C1F3130141F48011C3F3130343F445
:1004D000801301FB024400FB034E840A970A44EA9E
:1004E000815447EA8357A4FB076802958D0A05FBF0
:1004F00007854FEA932C04FB0C542705029D4FEA15
:10050000065847EA1637B5EB08056EEB070C870E61
:10051000920E47EA811742EA8312A7FB0201B6EB6B
:100520000B0164EB00042B0D43EA0C335E1844EB23
:100530001C50DA465146E7FB0201C5F313044FEAAB
:100540000B3343EA14534FEA0432019C43EA060397
:10055000A4F10C040294009CCDE900B400F092F9DF
:1005600003B0BDE8F08F00200146F9E7C10F80EA33
:10057000E0700844CA079623002100F0F9B89623DA
:100580000022114600F0F4B800F0004220F00040D4
:10059000C10DC0F3160040F400007F2901DA0020ED
:1005A0007047962903DCC1F19601C84001E09639F5
:1005B0008840002AF4D04042704720F00040C10D2E
:1005C000C0F3160040F400007F2901DA00207047D4
:1005D000962903DCC1F19601C840704796398840DE
:1005E0007047C1F30A5210B5C1F3130140F2FF3353
:1005F00041F480119A4201DA002010BD40F23343E9
:100600009A42A2F2334203DC524200F086F810BD57
:10061000904010BD00F0004230F000400AD0C10D03
:1006200001F56071C0F3160042EA0151C2084007AB
:1006300011437047002001467047000030B5041E8A
:1006400071F1000404DB4FF00044404264EB01010F
:10065000141E73F1000405DB1C464FF000435242A8
:1006600063EB04038B4208BF824230BD30B5041EE9
:1006700071F1000404DB4FF00044404264EB0101DF
:10068000141E73F1000405DB1C464FF00043524278
:1006900063EB0403994208BF904230BD01F0004370
:1006A00030B421F0004150EA010206D00A0DA2F553
:1006B0006072C1F31301002A02DC30BC00207047D5
:1006C000440F44EAC104C100E01830BC00EBC25042
:1006D00000F045B8002801DBC0F10040002901DB33
:1006E000C1F1004181427047002801DBC0F10040A8
:1006F000002901DBC1F1004188427047202A04DB58
:10070000203A00FA02F1002070479140C2F1200324
:1007100020FA03F3194390407047202A04DB203A63
:1007200021FA02F00021704721FA02F3D040C2F111
:1007300020029140084319467047202A06DBCB1758
:10074000203A41FA02F043EAE07306E041FA02F38C
:10075000D040C2F120029140084319467047002959
:10076000A8BF7047401C490008BF20F00100704737
:1007700010B4B0FA80FC00FA0CF050EA010404BF97
:1007800010BC704749B1CCF1200421FA04F411FAED
:100790000CF118BF012121430843A3EB0C01CB1D31
:1007A0004FEA00614FEA102042BF002010BC7047A2
:1007B00000EBC35010440029A4BF10BC7047401C7C
:1007C000490008BF20F0010010BC7047F0B40028B9
:1007D00002DCF0BC00207047C0F3C751C0F3160024
:1007E00040F40000CA0701D14000491E3F2202EB3D
:1007F0006105002211464FF4000626FA01F3134466
:10080000D418844201D8001B1A464000491C1729FD
:10081000F3DD5100814202D24FF0FF3100E00021B0
:1008200002EBC550F0BCFFF79ABF10B541000CD0E9
:10083000C0F3C751962908DC7E2909DC06DB41029A
:1008400004D000F0004040F07E5010BD002010BDEC
:10085000C1F19604C4F1200100FA01F1E040FFF774
:100860007EFFA04010BD10B5141E73F1000408DA1D
:10087000401C41F1000192185B411A4301D120F064
:10088000010010BD2DE9F04D92469B4611B1B1FA21
:1008900081F202E0B0FA80F220329046FFF72EFF9C
:1008A00004460F4640EA0A0041EA0B0153465A4605
:1008B000084313D0114653EA010019D0C8F1400291
:1008C0005046FFF72AFF05460E4650465946424617
:1008D000FFF714FF084305D0012004E02046394605
:1008E000BDE8F08D0020054346EAE0762C4337430F
:1008F0000A986305E40AA0EB08000022FD0A44EA16
:1009000047540A3002D500200146E9E701051019D5
:100910006941DDE9084500196941BDE8F04DA2E7EC
:1009200010B500F0004420F00040C20DC0F31600E6
:1009300040F400007F2A07DA7D2A00DA7D22763A29
:1009400000FA02F1002008E0962A09DCA2F1760103
:1009500000FA01F1C2F19602D040FFF700FF01E07A
:10096000963A9040002C00D0404210BD064C074DF6
:1009700006E0E06840F0010394E80700984710346F
:10098000AC42F6D3FFF7D8FB20950008409500084D
:10099000420005D0C0F3C7525242914201DC002010
:1009A000704700EBC150704700BFFEE708B501215A
:1009B000082000F005FE03208DF8020010208DF8BD
:1009C00003000120ADF800006946094800F06CFB07
:1009D0000121074800F04DFC064890F8490000F05E
:1009E000010018B90121024800F043FC08BD0000D5
:1009F000000C01405410002010B5074890F8490041
:100A000000F0010020B10121044800F034FC00E0B6
:100A100010BD00BFFCE7000054100020000C014096
:100A200010B5202000F018F828B10348006880476E
:100A3000202000F003F810BD9C00002000F0805141
:100A400011B10349086001E00249486070470000A5
:100A5000040402400000024001460020002201F090
:100A6000805313B1054B1A6801E0054B1A6802EA7E
:100A700001030BB1012000E0002070470004024098
:100A8000000002407047000010B56FF0040000F055
:100A900097FF0A4800680A49B0FBF1F0094908705D
:100AA0000846007800EB4001C1EBC0104FF6FF7123
:100AB00001EAC0000449088010BD00000C000020BD
:100AC00000127A0020000020220000200146114A76
:100AD00012884A434FF0E0235A6100229A611A4675
:100AE000126942F001021A6100BF4FF0E022106962
:100AF00000F001021AB100F48032002AF5D04FF064
:100B0000E022126922F001024FF0E0231A61002274
:100B10009A6170472200002010B5344800780128FF
:100B20004CD033480078002848D103F071FC78B9E4
:100B30004FF4805000F064F94FF4804000F060F909
:100B40004FF4005000F05CF9282000F091FC10BD3B
:100B50004FF4805000F05AF960B14FF4805000F02B
:100B60004FF92448007840F001002249087022A083
:100B700004F04CFE4FF4005000F048F960B14FF41F
:100B8000005000F03DF91B48007840F00200194980
:100B900008701CA004F03AFE4FF4804000F036F9D3
:100BA00060B14FF4804000F02BF91248007840F01B
:100BB00004001049087016A004F028FE012017490F
:100BC00008700020164908704FF4805000F018F9A2
:100BD0004FF4804000F014F94FF4005000F010F989
:100BE000282000F045FC00BFB1E70000A80000206D
:100BF0000200002047000020585F4C494D49540D29
:100C00000A000000595F4C494D49540D0A0000008C
:100C10005A5F4C494D49540D0A000000490000201C
:100C2000480000207047000010B5D82000F0E8F818
:100C300008F0C8F804464CB304F0020018B10120D3
:100C4000134908701FE004F0080030B11148007823
:100C500040F002000F49087015E004F0040030B1C4
:100C60000C48007840F008000A4908700BE004F0D6
:100C7000010040B10748007840F0200005490870A5
:100C800005A004F0C3FD092000F0FEFB10BD00002C
:100C900078000020010000205341464554595F442C
:100CA0004F4F520D0A00000010B5D82000F0A8F8F0
:100CB00008F088F804464CB304F0020018B1012093
:100CC000134908701FE004F0080030B111480078A3
:100CD00040F002000F49087015E004F0040030B144
:100CE0000C48007840F008000A4908700BE004F056
:100CF000010040B10748007840F020000549087025
:100D000005A004F083FD0A2000F0BEFB10BD00002A
:100D100078000020010000205341464554595F44AB
:100D20004F4F520D0A00000010B54FF4807000F0D4
:100D30006DF8C8B14FF4807000F062F84FF4807124
:100D4000244800F089FA58B923A004F05FFD04207C
:100D500024490870002003F0C9FF012022490870CF
:100D6000172000F091FB10BDD82000F049F808F0E2
:100D700029F804465CB304F0020028B101201949A7
:100D8000887004F09DF81FE004F0080030B11748A7
:100D9000007840F002001549087015E004F00400E6
:100DA00030B11248007840F00800104908700BE09C
:100DB00004F0010040B10D48007840F020000B49DC
:100DC00008700BA004F022FD172000F05DFB00BFAF
:100DD000C9E70000000C0140486F6D696E670D0A9D
:100DE00000000000A8000020790000200100002081
:100DF0005341464554595F444F4F520D0A0000007D
:100E000001490860704700001404014001460020B9
:100E10000022074B1B6803EA0102054B14331B68D1
:100E20000B4013B10AB1012000E000207047000020
:100E300000040140002123498279002A3AD00A4661
:100E4000126803689A430B461A600A1D1268036809
:100E50009A430B1D1A60027911440A6803681A4309
:100E60000A60184A0832126803689A43154B08331F
:100E70001A601A1D126803689A43124B0C331A60E9
:100E80004279102A0ED11A1F126803681A430D4BBB
:100E900008331A601A1D126803681A43094B0C3391
:100EA0001A600DE00749427911440A6803681A4341
:100EB0000A6005E0027911440A6803689A430A60EF
:100EC000704700000004014030B5044604254FF48B
:100ED000302000F0B5F80546042D17D10C48006904
:100EE00040F002000A49086108464461006940F088
:100EF000400008614FF4302000F0A2F80546044895
:100F0000006941F6FD71084001490861284630BD7D
:100F10000020024004200B49C96801F0010109B119
:100F200001200EE00749C96801F0040109B102205F
:100F300007E00449C96801F0100109B1032000E08D
:100F400004207047002002400549096821F0100183
:100F5000034A11601146096801431160704700009F
:100F60000020024070B504460D460426F00200F051
:100F700067F80646042E11D10948006940F00100C7
:100F8000074908612580F00200F05AF80646044837
:100F9000006941F6FE71084001490861304670BDA4
:100FA0000020024078B506460C460425002000903B
:100FB000E80200F045F80546042D24D113480069E5
:100FC00040F00100114908613480E80200F038F86F
:100FD0000546042D10D1B01C0090200C009908800B
:100FE000E80200F02DF805460848006941F6FE7158
:100FF00008400649086106E00448006941F6FE71B0
:10100000084002490861284678BD000000200240DF
:1010100001460020034A106800F0380008431060C1
:10102000704700000020024002480349486003481E
:10103000486070472301674500200240AB89EFCD2F
:1010400000B502460423FFF765FF034603E0FFF700
:1010500061FF0346521E012B01D1002AF7D102B9CC
:101060000523184600BD000030B500228B071C0F79
:101070000F2303FA04F20B4B8C1053F824309343E4
:10108000084C8D1044F8253023468C1053F824303A
:101090008C07240F00FA04F42343024C8D1044F80B
:1010A000253030BD080001402DE9F0410246002501
:1010B0000026002000230024002791F803C00CF034
:1010C0000F0591F803C00CF0100CBCF1000F03D019
:1010D00091F802C04CEA050591F800C0BCF1000F80
:1010E00031D0146800202BE04FF0010C0CFA00F313
:1010F000B1F800C00CEA03069E4220D183004FF0F5
:101100000F0C0CFA03F7BC4305FA03FC4CEA040489
:1011100091F803C0BCF1280F06D14FF0010C0CFA76
:1011200000FCC2F814C00AE091F803C0BCF1480FFB
:1011300005D14FF0010C0CFA00FCC2F810C0401CA5
:101140000828D1D31460B1F800C0BCF1FF0F34DD22
:10115000546800202EE000F1080C4FF0010808FA56
:101160000CF3B1F800C00CEA03069E4221D18300C3
:101170004FF00F0C0CFA03F7BC4305FA03FC4CEAE2
:10118000040491F803C0BCF1280F05D100F1080C4C
:1011900008FA0CF8C2F8148091F803C0BCF1480FAB
:1011A00007D100F1080C4FF0010808FA0CF8C2F85A
:1011B0001080401C0828CED35460BDE8F0810000A8
:1011C000F0B50A46002300240021002500F0004667
:1011D000B6F1004F02D11D4EF16901E01B4E71685E
:1011E000C0F3034583B200F44016B6F5401F08D1A2
:1011F00021F07061154E766826F07066134F7E60A0
:1012000012E000F48016B6F5801F06D1032606FA18
:1012100005F4A14341F0706106E0460D360103FA82
:1012200006F6B14341F0706122B1460D360103FA72
:1012300006F6314300F00046B6F1004F02D1034EEE
:10124000F16101E0014E7160F0BD0000000001405D
:101250000146886880B270470246002093680B40C0
:101260000BB1012000E0002070470146C86880B241
:10127000704741617047016170470AB1016100E048
:101280004161704700BFFEE710B504461148007881
:10129000F0B940211048FFF7DFFF68B90F48006838
:1012A000A04203D301200B49087011E00B480068ED
:1012B000401C0A4908600BE00848006828B107484C
:1012C0000068401E0549086002E0002004490870DB
:1012D00010BD000070000020000C01406C000020D8
:1012E0007800002008B50121082000F069F90121EB
:1012F000052000F065F901211248FFF761FF4FF466
:101300000040ADF8000010208DF8030003208DF898
:10131000020069460C48FFF7C7FE4FF400410A4837
:10132000FFF7A9FF4FF40060ADF8000048208DF8EA
:10133000030003208DF8020069460348FFF7B4FE5E
:1013400008BD0000000230000008014008B501217E
:10135000102000F035F903208DF8020010208DF8E0
:1013600003008002ADF8000069460A48FFF79CFEC2
:10137000094890F8490000F0200020B94FF480415E
:101380000448FFF776FF4FF480410248FFF771FFF2
:1013900008BD0000001001405410002010B5124894
:1013A00090F8490000F0100008B9002010BD04F0CA
:1013B000F7FF0E49097888420BD00D48007840B1FC
:1013C0000C480078401C0B49087004F0E9FF0749FD
:1013D000087008480078052803DB00F037F8012082
:1013E000E4E70020E2E70000541000204500002060
:1013F000440000204300002010B50F4890F8490039
:1014000000F0100018B900200C49087010BD0C48FD
:10141000007868B904F0C4FF0A490870012008493F
:10142000087004F0BDFF08490870002003490870E7
:1014300003480078EAE70000541000204300002031
:101440004400002042000020450000200020034905
:101450000870034908700349087070474300002072
:10146000440000204200002000BFFEE7704700005B
:1014700000F01F0201219140024A430942F8231063
:101480007047000080E200E000F01F02012191405F
:10149000024A430942F823107047000080E200E04E
:1014A00000F01F02012191404209920002F1E02266
:1014B000C2F800117047000070B5002100230F2210
:1014C000C47804B3154C246804F4E064C4F5E06403
:1014D000210AC1F10403CA40447804FA03F1847874
:1014E0001440214309010E4C0678A155047804F0FC
:1014F0001F050124AC4005786D11AD0005F1E02514
:10150000C5F8004109E0047804F01F050124AC404F
:10151000044D0678761145F8264070BD0CED00E0CC
:1015200000E400E080E100E002490143024A11606A
:10153000704700000000FA050CED00E010B500282F
:1015400007DA0A07140E054A00F00F031B1FD454D4
:1015500003E00A07130E024A135410BD18ED00E011
:1015600000E400E07047000001460020034A506894
:1015700020F44040084350607047000000100240D3
:1015800029B1064A52690243044B5A6104E0034AF6
:1015900052698243014B5A617047000000100240BB
:1015A00029B1064AD2690243044BDA6104E0034AD6
:1015B000D2698243014BDA6170470000001002409B
:1015C00029B1064A92690243044B9A6104E0034A36
:1015D00092698243014B9A617047000000100240FB
:1015E00010B500F03BF84FF4803000F0F9F800F04F
:1015F00055F90446012C27D1002000F0E5F8002021
:1016000000F020F9A00200F011F9E003FFF7ACFFB1
:101610000220FFF7FDFC1020FFF796FC4FF4E011CD
:10162000200400F021F9012000F018F900BF392052
:1016300000F0A4F80028FAD0022000F023F900BF3F
:1016400000F0BAF80828FBD101217C20FFF7B8FF91
:1016500001210802FFF794FF10BD00000F48006849
:1016600040F001000D490860084640680C490840F8
:101670000A494860084600680A4908400749086066
:101680000846006820F4802008600846406820F47E
:10169000FE0048604FF41F00886070470010024051
:1016A0000000FFF8FFFFF6FE30B500210022002405
:1016B00000232D4D6D6805F00C0121B1042905D0E2
:1016C000082923D105E0294D056022E0274D05605A
:1016D0001FE0254D6D6805F47012234D6D6805F40B
:1016E0008034022505EB92421CB9214D554305601B
:1016F0000BE01D4D6D6805F400351DB11C4D5543C3
:10170000056002E0194D5543056002E0174D056084
:1017100000BF00BF144D6D6805F0F0010909154DBB
:101720006B5C0568DD4045600F4D6D6805F4E06158
:10173000090A104D6B5C4568DD4085600A4D6D6897
:1017400005F46051C90A0B4D6B5C4568DD40C5600E
:10175000054D6D6805F44041890B074D6B5CC5680C
:10176000B5FBF3F5056130BD0010024000127A00B0
:1017700000093D00240000203400002010B501467F
:101780000022002300204A11012A02D1094C2368BB
:1017900006E0022A02D1074C236A01E0054C636A85
:1017A00001F01F02012494401C400CB1012000E014
:1017B000002010BD001002400248406800F00C00FC
:1017C000704700000010024001460020034A5068A4
:1017D00020F0F00008435060704700000010024005
:1017E0001149096821F480310F4A116011460968D6
:1017F00021F480211160B0F5803F03D0B0F5802F37
:101800000ED106E00849096841F48031064A1160AA
:1018100007E00549096841F4A021034A116000E08E
:1018200000BF00BF704700000010024001460020CA
:10183000034A506820F4E06008435060704700009D
:101840000010024001460020034A506820F4605016
:1018500040EAC1005060704700100240014908662C
:10186000704700000000424202460020044B5868C6
:1018700020F47C1042EA01031843014B5860704782
:101880000010024001460020034A506820F0030087
:1018900008435060704700000010024038B5002037
:1018A00000900024002500BF3120FFF767FF0546A8
:1018B0000098401C00900098B0F5A06F01D0002D5A
:1018C000F2D03120FFF75AFF08B1012400E00024D4
:1018D000204638BD704710B500F002F810BD00007A
:1018E0000CB50020019000903348006840F480302F
:1018F0003149086000BF3048006800F400300090B3
:101900000198401C0190009818B90198B0F5A06F9B
:10191000F1D12948006800F4003010B10120009096
:1019200001E0002000900098012843D1234800687E
:1019300040F01000214908600846006820F00300CC
:1019400008600846006840F0020008601A484068D5
:10195000194948600846406848600846406840F4B5
:10196000806048600846406820F47C104860084663
:10197000406840F4E81048600846006840F0807015
:10198000086000BF0C48006800F000700028F9D023
:101990000948406820F0030007494860084640684D
:1019A00040F00200486000BF0348406800F00C00AF
:1019B0000828F9D10CBD00000010024000200240B0
:1019C000042808D14FF0E021096941F004014FF0EB
:1019D000E022116107E04FF0E021096921F00401E4
:1019E0004FF0E022116170477047000010B51348B6
:1019F000006840F00100114908600846406810493D
:101A000008400E494860084600680E4908400B49E6
:101A100008600846006820F4802008600846406896
:101A200020F4FE0048604FF41F008860FFF753FF6A
:101A30004FF000600449086010BD00000010024033
:101A40000000FFF8FFFFF6FE08ED00E00D4800681B
:101A500020F054000C49097801F054010843094969
:101A600008600A48008820F00100084908804FF605
:101A7000FC70064910310880002004492431088098
:101A8000704700000C0801405C000020000400408A
:101A900010B5B848008800F0010040B14FF6FE7064
:101AA000B44908800020B3491431088000E010BD1B
:101AB000B148007800B1FAE7B048006820F0A8000B
:101AC000AF49897C01F0A8010843AC4908604FF692
:101AD000FC70AC490880A948006820F05400A8496F
:101AE000098A0843A5490860A6481038008840F0D4
:101AF0000100A4491039088001209F490870A048BE
:101B0000806A002866D1A0480078A04909788842F8
:101B100070D09F489D49097800EBC10098498862C0
:101B20000846806A4088401E92491C3108809448CB
:101B3000806A008892490884084690F82200896AE1
:101B40000979884216D08E48806A00798C4981F8DC
:101B50002200084690F8220000EB80008D4901EB3E
:101B60008000874948620846406AC068400888602B
:101B7000486008608248406A008A8749098848406E
:101B80007F4948820846406A0068896A4979C840A6
:101B90007B4948610846406A4068896A4979C8407B
:101BA000774988610846406A8068896A4979C840EF
:101BB0007349C8617948C06CC82814D10846806A46
:101BC0008079482807D1896A897901EB41010801A8
:101BD00006F004F91BE06A49896A8979C1EB0110B2
:101BE00006F0FCF813E06649896A887906F0F6F891
:101BF0000DE0FFE706F0CAF96148406A807C10B149
:101C0000002006F0EBF8042007F0D0FB4FE7644813
:101C10000078012801D103F07FFE00205849088296
:101C20000846006849690844554908600846006844
:101C3000496AC96888421DD95148008A40F040006D
:101C40004F49088208460068496AC968401A4C49E9
:101C500008600846406A007C00F0800028B15148C6
:101C60000068401E4F49086004E04E480068401C70
:101C70004C490860424841688069084440494860CE
:101C800008464068496AC96888421DD93C48008AAC
:101C900040F010003A49088208464068496AC9681D
:101CA000401A374948600846406A007C00F020002E
:101CB00028B13C484068401E3A49486004E0394831
:101CC0004068401C374948602D488168C069084415
:101CD0002B49886008468068496AC96888421DD9CE
:101CE0002748008A40F00400254908820846806899
:101CF000496AC968401A224988600846406A007CDF
:101D000000F0080028B127488068401E25498860F7
:101D100004E024488068401C2249886022480078FA
:101D2000042806D11648008A1F4909890840144929
:101D300008821348008C401E114908840846008C14
:101D400060B900210E4A916210490978491CC8B255
:101D50000A2800D100200D49087000BF0848008AF9
:101D60001249098848400649088200200249087043
:101D700000BF9CE6100C0040600000200C080140F1
:101D8000BC11002010040040590000205800002021
:101D90006C110020B81000205E00002054100020BC
:101DA00000000020BC000020A80000205C000020F3
:101DB00010B500240121414800F007F900287CD02B
:101DC00001213E4800F092F83D480068401C3C4923
:101DD00008603C480078012804D13B480078401C4A
:101DE000394908703748007801281AD136480078F8
:101DF000012816DD3548007898B935480078012863
:101E00000FD03448007860B902F002FB48B10020DE
:101E10002D4908702B49087003F052F8012007F093
:101E2000B3FA2D480078462802D100202A490870CC
:101E300029480078401C28490870284800783C2828
:101E400002D100202549087024480078401C23490D
:101E50000870234800782D2802D1002020490870FE
:101E60001F480078401C1E4908701E4800686428FE
:101E700004D100201C4908601A4908601A4800680B
:101E8000642807D117480068401C164908600020E4
:101E90001549086014480068401C13490860084848
:101EA0000068401C06490860084600684FF6FF714C
:101EB000884202D100200249086010BD0010004095
:101EC00074000020490000208D0000204800002000
:101ED000A8000020020000208800002089000020C7
:101EE0008A0000208400002080000020CA43028273
:101EF000704721B1028842F00102028004E00288AA
:101F00004FF6FE731A400280704700002DE9FF4132
:101F100004460F4615461E46781E80B2ADF80800EE
:101F2000681E80B2ADF804000020ADF80A00ADF8DC
:101F3000060001A9204600F0B9F801212046FFF76C
:101F4000D5FF01221146204600F050F8012120461D
:101F5000FFF7CFFF4FF44070FFF7E6FA10488442D6
:101F600003D132208DF800000CE00E48844203D1EA
:101F70001D208DF8000005E00B48844202D11E2090
:101F80008DF800008DF8016000208DF8020001201E
:101F90008DF803006846FFF78FFABDE8FF81000067
:101FA000000C0040000400400008004031B1B0F8CF
:101FB000442042F40042A0F8442005E0B0F8442058
:101FC000C2F30E02A0F84420704730B5024600204C
:101FD00000230024158A05EA0103958905EA010416
:101FE00013B10CB1012000E0002030BD1AB183898B
:101FF0000B43838102E083898B4383817047000018
:1020000070B5002400220023058C4FF6FE76354083
:102010000584028C8388048B4FF68F752C40B51E87
:102020002C400D882C43751E2A400D892A434D886B
:102030002A43144DA8420BD0134DA84208D0134D8B
:10204000A84205D0124DA84202D0124DA84213D189
:102050004FF6F7752A404D892A434FF6FB752A4003
:102060008D882A434FF6FF652B404FF6FF552B40D6
:102070008D892B43CD892B4383800483CD8885862E
:10208000028470BD002C014000340140004001403A
:1020900000440140004801400A460021018B4FF6F0
:1020A000F773194011430183704700000022028832
:1020B0001D4B98420ED01D4B98420BD0B0F1804F73
:1020C00008D01B4B984205D01A4B984202D01A4BAD
:1020D000984204D14FF68F731A404B881A43174B1E
:1020E000984207D0164B984204D04FF6FF431A404F
:1020F000CB881A4302808B8883850B8803850A4B23
:1021000098420BD0094B984208D00E4B984205D00C
:102110000D4B984202D00D4B984201D10B7A0386A9
:102120000123838270470000002C014000340140ED
:102130000004004000080040000C00400010004077
:1021400000140040004001400044014000480140AC
:102150004FF6FF71818000210180C18041800172B2
:102160007047000038B5524800880090009800F091
:10217000200000286FD04E48001D0088C4B2182CE3
:1021800006D0212C0FD03F2C05D07E2C0FD106E09D
:1021900002F096FE83E0012007F008F97FE00220BC
:1021A00007F004F97BE0082007F000F977E07F2CC6
:1021B00063DDA4F184001E285ED2DFE800F00F1377
:1021C0005D5D5D5D5D5D5D5D5D5D1C2024282C3089
:1021D00034385D3C4044484D515D5559202007F04E
:1021E000E5F849E03348007800F0200010B14020C5
:1021F00007F0DCF840E0012007F0CEF83CE00220D8
:1022000007F0CAF838E0042007F0C6F834E00820E8
:1022100007F0C2F830E0102007F0BEF82CE02020D4
:1022200007F0BAF828E0402007F0B6F824E0802054
:1022300007F0B2F820E0012007F09CF81CE0022033
:1022400007F098F818E0042007F094F814E008204C
:1022500007F090F810E029E0102007F08BF80BE071
:10226000202007F087F807E0402007F083F803E01C
:10227000802007F07FF800BF10E00F480078401C76
:10228000C5B2FE2D00D100250C480078854205D04E
:102290000B480949097844540748057000BF00BF3E
:1022A0000348008820F020000149088038BD000064
:1022B00000380140A80000203C0000203D00002024
:1022C0005202002010B540F22771144800F049F87E
:1022D00018B31348007813490978884212D012487D
:1022E000104A1278815C0D4800F0F6F80D4800782D
:1022F000401C0C49087008460078412808D100208D
:10230000087005E0002240F22771044800F053F8FD
:1023100040F22771014800F009F810BD0048004064
:102320004000002041000020D003002010B5002212
:10233000002340F66A14A14200D100BF0A12012412
:102340009440A3B2DC43048010BD21B1828942F4E1
:102350000052828104E082894DF6FF731A40828127
:10236000704770B50246002400230025002040F687
:102370006A16B14200D100BFC1F3421501F01F033C
:10238000012606FA03F3012D02D19689334006E0B7
:10239000022D02D1168A334001E0968A33400C1296
:1023A000012606FA04F41688344013B10CB101205A
:1023B00000E0002070BDF0B5034600240026002593
:1023C000002040F66A17B94200D100BF1846C1F399
:1023D000421401F01F06012707FA06F5012C01D16E
:1023E0000C3004E0022C01D1103000E014301AB19E
:1023F00007682F43076002E00768AF430760F0BD3E
:102400002DE9F04786B005460E460024A24600BFDF
:10241000A1460027B08900B100BF2F462C8A4CF698
:10242000FF700440F08804432C82AC894EF6F31010
:102430000440B08831890843718908430443AC8162
:10244000AC8A4FF6FF400440B0890443AC8201A837
:10245000FFF72AF91F48874202D1DDF810A001E0FA
:10246000DDF80CA0A88900F4004040B10AEBCA00D6
:1024700000EB0A1031684900B0FBF1F807E00AEB05
:10248000CA0000EB0A1031688900B0FBF1F8642043
:10249000B8FBF0F004012009642101FB1089A88930
:1024A00000F4004040B1322000EBC900B0FBF1F075
:1024B00000F00700044308E0322000EB091064211B
:1024C000B0FBF1F000F00F0004432C8106B0BDE832
:1024D000F087000000380140C1F308028280704795
:1024E00000210020704700BFFEE74100080218BF2E
:1024F00004200A0E18BF40F001004FF07F4232EA7C
:10250000010108BF40F00200012808BF0520704704
:102510000121FEF73DBAFDF748BE00210846FDF750
:10252000CEBE6FF05E010807FEF732BA2DE9F04D1E
:102530000D4614464FF07F41B1EB440F9EBF4FF064
:10254000FF312960BDE8F08D4FF0004040EA0421E2
:10255000C4F3C750783810F01F024A4B4FEA601C92
:10256000C2F120067B44C4F3C750A0F178004FEAC3
:10257000601003EB800053F82C3008BFD0E901C68F
:1025800012D0D0F804C093402CFA06F73B4387687A
:102590000CFA02FC27FA06F8C06807FA02F2F040CB
:1025A0004CEA080C42EA0006A3FB0132ACFB01C076
:1025B000A6FB016101EB0C068E4234BF4FF0010C0B
:1025C0004FF0000CC1186144BCF1000F02D08142F1
:1025D00002D903E0814201D2012000E00020104432
:1025E00000F120024FEA92188006CA0C40EA4230FD
:1025F0004F03C5F80080FDF7B9FF82463846FDF766
:10260000BEFF6FF01201FEF7C3F907463046FDF733
:10261000B6FF6FF02501FEF7BBF9834639465046F9
:10262000FDF7C3FD5946FDF7C0FD00F500666FF3E9
:102630000B0651463046FDF70AFE3946FDF707FE08
:102640005946FDF707FE1049FDF707FE07460F49FB
:102650003046FDF702FE3946FDF7A7FD07460C4957
:102660003046FDF7FAFD3946FDF79FFD14F0004FA7
:1026700008BFBDE8F08DC8F1805180F000402960AE
:10268000BDE8F08D4C6F0000DB0FC92F22AAFD2999
:102690000000C92F02E008C8121F08C1002AFAD1A1
:1026A00070477047002001E001C1121F002AFBD1D2
:1026B000704700000149086070470000A400002036
:1026C0002DE9F0474FF0684202EB40030C46054607
:1026D000B3F1654F3CBF02EB4102B2F1654F80F0B0
:1026E000CD8000BFC0F3C752C1F3C753D21A1B2A13
:1026F00006DD10F0004F14BF87488848BDE8F0871A
:1027000012F11A0F2FDA11F0004F06D010F0004F1F
:102710000CBF83488348BDE8F08721462846FDF773
:10272000CEFD0646FFF7E1FE042808BFFFF7F9FEDD
:102730002846FFF7DAFE05462046FFF7D6FE044698
:102740003046FFF7D2FE042D18BF052D08D1042C0A
:1027500018BF052C04D1002804BF0220FFF7AAFFF0
:102760003046BDE8F0874200B2EB410F25D910F0AA
:10277000004F19BF6C4F6D4E6D4F6E4E224685F067
:10278000004415460A4680F0004110460A1A5200DD
:10279000B2F1807F3ED248406749DFF8A0A110F037
:1027A000004F18D04FF03F483846FDF750FD074620
:1027B00051463046FDF74BFD17E011F0004F04BFC6
:1027C00000263746E2D010F0004F19BF5C4F5D4E37
:1027D0005D4F5E4EDAE74FF07C583846FDF7E5FC7A
:1027E000074651463046FDF7E0FC0646414628467E
:1027F000FDF733FD2146FDF7D8FC824621464046D1
:10280000FDF72BFD2946FDF725FD5146FDF757FD48
:10281000044604E021462846FDF751FD04460146E2
:10282000FDF71BFD80464A49FDF717FD4949FDF7B5
:10283000BCFC4146FDF711FD4749FDF7B6FC41469A
:10284000FDF70BFD4549FDF7B0FC4146FDF705FDE1
:102850004349FDF7AAFC054641462046FDF7FDFC2D
:102860002946FDF7FAFC3146FDF79FFC2146FDF7AE
:102870009CFC3946BDE8F047FDF797BC4FF07F421E
:10288000B2EB400F28BFB2EB410F03D2BDE8F047D7
:10289000FFF741BE40EA01035B0008BF44F0FF417F
:1028A0000AD0B2EB400F08BFB2EB410F06D125F0C2
:1028B000804024F0804105460C4613E7B2EB400F00
:1028C00012BF5FEA410345F0FF4004F000413FF4CE
:1028D00009AFB2EB410F12BF5FEA400205F00040C2
:1028E00044F0FF413FF4FEAE4A0092EA40033FF558
:1028F000F9AE002AACBF4FF09F464FF03E5631462E
:10290000FDF7ABFC054631462046FDF7A6FC044624
:1029100028462146E6E60000DB0FC9BFDB0FC93FB2
:10292000DB0F4940DB0F49C00000C9BF22AAFDB937
:102930000000C93F22AAFD390060ED3EC30ACE3730
:10294000000049C022AA7DBA0000494022AA7D3A6F
:102950002DAD65BD8FB8D53D0FB511BE61C84C3EDC
:10296000A8AAAABE2DE9F041C0F3C751A1F17F0585
:102970000446172DA8BFBDE8F0814FF07F471549E9
:10298000002D0EDAFDF711FCB7EB400F1ED3002827
:102990001CDD002CC8BF4FF07E54B8BF4FF0004480
:1029A00014E00D4A22FA05F6344208BFBDE8F08172
:1029B000FDF7FBFBB7EB400F08D3002806DD002C2A
:1029C00003DD4FF40000E8400444B4432046BDE872
:1029D000F0810000CAF24971FFFF7F000020024928
:1029E00008600249086070478000002084000020D1
:1029F0002DE9F04105460026002412E055F8240098
:102A00000021FDF767FE0AD055F8241055F8240080
:102A1000FDF723FC80463146FDF7C7FB0646601CE8
:102A2000C4B2032CEADB304605F05AFA06463146BA
:102A30004FF07E50FDF743FC0746002408E055F8B0
:102A400024003946FDF709FC45F82400601CC4B297
:102A5000032CF4DB3046BDE8F081000010B5002403
:102A60000848FEF702FC00F0080008B144F0010439
:102A70000448FEF7FAFB00F0100008B144F002042D
:102A8000204610BD0010014008B501211020FEF7BE
:102A900097FD03208DF8020010208DF80300082018
:102AA000ADF8000069460B48FEF7FEFA0121102040
:102AB000FEF786FD03208DF8020010208DF803003C
:102AC000ADF8000069460348FEF7EEFA00F026F87C
:102AD00008BD00000010014010B504460D484078C4
:102AE00000B110BD14B900F019F80DE004F0400079
:102AF00018B108210848FEF7BEFB04F0800018B1A9
:102B000010210548FEF7B7FB00200249887300BF7B
:102B1000E7E70000A80000200010014010B50821E0
:102B20000348FEF7A6FB10210148FEF7A2FB10BDEB
:102B30000010014010B5044605480078022800D175
:102B400010BD02F00BFF2046FFF7C6FF00BFF7E7FE
:102B5000A80000202DE9F843044602464F48694684
:102B6000B0EB420F09D94FF0E640B0EB420F94BFF3
:102B700000204FF0FF30009030E0494B22F0004041
:102B8000834271D947492046FDF767FBFDF74DFEAB
:102B90008046FDF7F9FC00F00300009042494046F2
:102BA000FDF75BFB054641494046FDF756FB0646EF
:102BB0003F494046FDF751FB07463E494046FDF779
:102BC0004CFB2146FDF746FB3946FDF740FB3146FD
:102BD000FDF73DFB2946FDF73AFB04462546009CE0
:102BE000002C45DB294614F0010F08461CD0FDF7E8
:102BF00034FB06463049FDF730FB3049FDF72AFB30
:102C00003146FDF72AFB2E49FDF7CFFA3146FDF795
:102C100024FB2946FDF721FB2946FDF7C6FA14F0EF
:102C2000020F1CD0BDE8F883FDF717FB05462549C8
:102C3000FDF713FB2449FDF7B8FA2946FDF70DFB14
:102C40002249FDF7B2FA2946FDF707FB4FF07E5106
:102C5000FDF7ABFA14F0020F08BFBDE8F88380F06F
:102C60000040BDE8F883FFE71046FFF75FFCB4E7DC
:102C70006800B0F17F4F3CBF4FF07E50BDE8F88355
:102C800007D14FF00100FFF715FDBDE8F843FFF74E
:102C900044BC2846BDE8F843FFF73ABCB61F927E15
:102CA000490E494683F9223F1A61342C0020A23391
:102CB00000A0FD390000C93F336D4C39DA82083C71
:102CC000A0AA2ABEB93AB2BACA9F2A3DDDFFFFBE0A
:102CD0002DE9F04105460C4613492846FDF7BDFA9B
:102CE0008046FFF73FFE0746FDF767FC86B213E01C
:102CF0000E48407808B1BDE8F08114B903F09EF9A0
:102D000007E002F053FF0948C07800F0020000B16C
:102D1000F1E73220FDF7DAFE301EA6F101018EB296
:102D2000E6DC00BFE7E700000000A041A8000020AB
:102D30002DE9F041164D174C4FF400660427284644
:102D4000FEF7C2F80746042F01D0BDE8F0811AE073
:102D500020884FF6FF71884205D034F8021B2846C0
:102D6000FEF700F900E0A41C20884FF6FF718842AE
:102D700005D034F8021BA81CFEF7F4F800E0A41CF0
:102D8000301F86B22D1D002EE2DC00BFDDE7000003
:102D900000F001081104002001460148405C704722
:102DA0001104002000200E4900BF05E00D4A825C9E
:102DB00001F8012B421C90B2B0F5806FF6DB084A97
:102DC00012780A2A0AD00649002004E0FF2201F8FE
:102DD000012B421C90B2B0F5806FF7DB704700000A
:102DE0001104002000F00108014A1154704700004E
:102DF000110400202DE9F041C1F30A52A2F2FF367E
:102E00002F4A304B0D460446142E2FDA002E12DACC
:102E1000FDF793FA00221346FDF728FC4CD2002D53
:102E2000A4BF0024254647DA25F00040204318BF00
:102E3000254D41D018E0DFF894C02CFA06F705EADA
:102E4000070C5CEA040C08BFBDE8F081FDF775FAD9
:102E500000221346FDF70AFC2ED2002D03DA4FF4B0
:102E60008010F0400544BD43002425E0332EC8BF48
:102E7000BDE8F081A6F1140C4FF0FF3727FA0CF7EC
:102E80003C4208BFBDE8F081FDF7FBFA0022134683
:102E9000FDF7ECFB10D2002D0DDA142E08BF6D1CCF
:102EA00009D0C6F13400012101FA00F02044A0420B
:102EB00038BF6D1C0446BC4329462046BDE8F0815E
:102EC0009C7500883CE4377E0000F0BFFFFF0F00D8
:102ED0002DE9F041C0F3C751A1F17F050446172D3C
:102EE000A8BFBDE8F0814FF07F471549002D0FDAEC
:102EF000FDF75BF9B7EB400F1FD300281DDD002C59
:102F0000A8BF002419DAB4F1004F18BF0D4C14E02B
:102F10000D4A22FA05F6344208BFBDE8F081FDF7FC
:102F200044F9B7EB400F08D3002806DD002C03DA84
:102F30004FF40000E8400444B4432046BDE8F0816B
:102F4000CAF24971000080BFFFFF7F0001B5A2B047
:102F50004021F748FDF711F9F549491CF548026889
:102F60000A6042684A6002890A81807A8872002079
:102F700021901D901C901B901A90199018902298E7
:102F80000078242809D1189840F0010018900120F9
:102F9000491E48700021E64881700020139012906D
:102FA000189800F0010010B10320169001E00020F5
:102FB000169095E29DF858102298405C159015984F
:102FC000412802DB15985A2802DD012023B000BDFC
:102FD0009DF85800401CC0B2169014AA16A9229859
:102FE00003F0E4F908B90220F0E7149806F0E8F9D4
:102FF0000990FDF7E2FAC0B213901398FDF7BFFAFB
:1030000007901499FDF726F9CB490890FDF725F9AB
:10301000099001F0CFFB80B212901598472802D09A
:103020004D2873D130E113982B2870D024DC12285E
:103030006ED010DC032873D006DC00286DD0012888
:103040006CD0022868D16AE0042840D00A2832D027
:103050001128F7D195E01C282ED006DC13287DD04E
:1030600014287CD01528EDD1B8E01E2825D02628BC
:1030700057D02828E6D1BAE03B2871D00ADCA0F16D
:1030800031000A2848D2DFE800F0B6E5E5E523D1B3
:10309000D2D3D4D55B287FD006DC3D286FD0502812
:1030A00046D05A28CED176E05C2807D05D2867D07C
:1030B0005E28C7D188E000BF00BF00BF129828B9C2
:1030C000219808B1182081E70120219000BF00BF9E
:1030D0000020179096491398087013981C2805D063
:1030E00013981E2802D013985C280ED1129820B194
:1030F00012980A2801D0142068E78D4801781298A8
:1031000008448B49087000201290A5E039E171E075
:1031100038E005E001E001E09CE000BF00BF00BF37
:1031200000BF219808B1182050E70220219000BF6D
:10313000012017907E4913984870139826281CD1B7
:10314000129814280DD012981E280AD012982828F8
:1031500007D01298322804D0142037E713E03CE05F
:1031600069E00A21129890FBF1F0643070494978C7
:1031700008446F494870002012906DE00CE062E056
:1031800021E000BF00BF0220179013981138C1B290
:103190006748417160E000BF129838B9032017906A
:1031A00013985A38C1B2624801710BE0042017909D
:1031B00012980A2802D113985A2801D1142005E741
:1031C0000020129048E000BF052017901398C0F12E
:1031D0005E00C1B2564881703EE000BF06201790E5
:1031E0001398C0F11500C1B25148C17034E00720F6
:1031F000179031E000BF08201790219808B11820DF
:10320000E4E6032021901398312803D10021484897
:10321000817108E012980A2803D101214448817184
:1032200001E01420D2E60020129015E000BF00BF9C
:1032300000BF00BF00BF0920179013983638C1B2F5
:103240003B48C17108E00A201790129808B1142079
:10325000BCE601E01420B9E600BF1298002801DDA9
:103260001720B3E60121179801FA00F01A990840D7
:1032700008B11520AAE60121179801FA00F01A9961
:10328000084380B21A902AE11298002801DD172025
:103290009CE61398052827D006DC05285CD2DFE8D9
:1032A00000F00C0D0E212200072835D0082834D05C
:1032B000092833D01E284FD102E000BF00BF00BF55
:1032C0000B201790139810B1012805D103E00321BA
:1032D0001748017204E003E015491398087200BF13
:1032E00000BF3BE000BF00BF0C20179013980328DD
:1032F00004D0042806D005280CD107E010210C4882
:10330000817207E020210A48817203E00021084809
:10331000817200BF00BF21E000BF00BF0D201790E9
:10332000139807280AD008280CD0092812D10DE0DC
:1033300058080020140800200000C8428021FB48E3
:10334000417207E04021F948417203E00021F7484B
:10335000417200BF00BF01E0142037E600BF012129
:10336000179801FA00F01A99084008B115202DE6C7
:103370000121179801FA00F01A99084380B21A90B7
:10338000ADE015984638152875D2DFE800F00B7FC0
:103390007F111B252F7F357F407F464C527F7F7FDB
:1033A000606A750000201790E0491498C8606FE0CB
:1033B00001201790DD48149901611B9840F001002D
:1033C0001B9065E002201790D848149941611B9822
:1033D00040F002001B905BE003201790D348149943
:1033E00081611B9840F004001B9051E0042017906D
:1033F000CE49139808774BE005201790149805F0F4
:10340000DFFF0990FDF7C0F8C849086240E00620D8
:103410001790C648149941623AE007201790C348B4
:103420001499816234E008201790C0481499C16251
:103430002EE009201790BE491498FDF755F901D2E6
:103440002620C3E5B949139881F8300020E00A200E
:103450001790B648149941631C9840F001001C90E5
:1034600016E00B201790B148149981631C9840F026
:1034700002001C900CE009E00C201790AB48149956
:10348000C1631C9840F004001C9001E014209DE5ED
:1034900000BF0121179801FA00F01999084008B1FE
:1034A000192093E50121179801FA00F040F26131EB
:1034B000084058B11498FDF7ADF800221346CDE945
:1034C0000801FDF7BBF801D204207FE50121179820
:1034D00001FA00F01999084380B2199000BF00BFAB
:1034E0009DF858102298405C00287FF463AD1C982A
:1034F00018B1219808B902202190199800F02000F5
:1035000030B18A48006A8B49884201DD1B205DE5A5
:10351000189800F0010090B1199800F0010008B966
:10352000162053E58148C078012834D17F48C0680F
:1035300081490990FCF791FE7C49C8602BE07B48EB
:10354000807801280FD12198022824D1774840782B
:10355000502820D075484078E8B1199800F0010053
:10356000C8B9162032E575484078A0B9199800F01E
:10357000010060B16D48C07801280CD16B48C0686B
:103580006D490990FCF769FE6849C86003E06B4823
:1035900000696649C860199800F4807018B96748D6
:1035A000C1686248C16261480078042809D119984D
:1035B00000F0400008B91C2008E5199820F04000F0
:1035C00019905A48407910B101280ED106E0002028
:1035D000209001201F9002201E900DE002202090DC
:1035E00000201F9001201E9006E001202090022064
:1035F0001F9000201E9000BF00BF4C48C0780128DB
:103600001FD10020119019E00121119801FA00F05A
:103610001C99084070B145483430119950F8210088
:1036200045490990FCF719FE014640483430119A8B
:1036300040F822101198401CC0B211901198032834
:10364000E2DB2198032809D138488079012805D187
:103650001C9880F0040008B12520B7E43748D0E971
:103660000A12006BCDE90E1210901A9800F4007047
:10367000A0B12E48C079062801DD1D20A6E42F4800
:1036800081792A48C079814208D02848C0790EA99A
:10369000099003F052FE08B9072097E42348007808
:1036A0000A2802D05C287DD1A0E01C9808B91A2015
:1036B0008CE4199800F0500008B91C2086E41B48DF
:1036C000406A089005F07CFE0990FCF776FFC0B2D6
:1036D0001D901D98062801DD1D2077E41348007F0A
:1036E00014280BD01148007F022805D1199800F04A
:1036F000800018B1142069E4142067E4199820F0C0
:10370000500019901D98002804DD1D98401EC0B27D
:103710001D9002E00548C0791D90044910311D98A4
:1037200003F00BFE60B9072050E4000058080020A9
:1037300000007F43809698003333CB41140800206B
:10374000002011904EE00121119801FA00F01C991F
:10375000084040B3FE48007F142837D1FD48119936
:1037600050F821000890FB48183850F821000790C5
:103770000899FCF76CFD0990F5483430119950F820
:103780002100014608900998FCF761FD0146F048C8
:103790001030119A40F82210119802281ED1ED48DD
:1037A000343801E077E019E0006C0990E848103007
:1037B000119950F8210008900999FCF748FD01463D
:1037C000E3481030119A40F8221007E0E048343006
:1037D000119950F82120243840F821201198401CDC
:1037E000C0B2119011980328ADDB1CE11C9808B9F8
:1037F0001A2068E40020119049E00121119801FA93
:1038000000F01C990840A8B30EA9119851F82000A7
:103810000890D0481838119950F82100079008995D
:10382000FCF715FD0990CA483430119950F8210071
:10383000014608900998FCF70AFD0146C448343057
:10384000119A40F82210119802281CD1C14834382E
:10385000006C0990BE483430119950F8210008904E
:103860000999FCF7F4FC0146B9483430119A40F844
:10387000221008E0FFE7B748119950F82120B4481A
:10388000343040F821201198401CC0B2119011989A
:103890000328B2DBC7E0219803286FD01C98E8B357
:1038A0000020119067E00121119801FA00F01C99A5
:1038B000084048B9A7481838119950F82120A44861
:1038C000343040F8212052E0A148007835284ED00D
:1038D0009F480079B0BB9F48119950F821000EA96C
:1038E0000890119851F8200007900899FCF75DFCAA
:1038F000099097483430119950F8210001460890FA
:103900000998FCF752FC014691483430119A40F86E
:103910002210119802282AD18E4800E02EE0343877
:10392000006C09908A483430119950F821000890B1
:103930000999FCF73AFC014685483430119A40F861
:10394000221014E0FFE783481838119950F821003D
:1039500009907F48343050F8210008900999FCF70D
:1039600024FC01467A483430119A40F8221011980C
:10397000401CC0B211901198032894DB7448007861
:10398000282842D006DC1C2809D01E2808D026286A
:1039900047D139E035283AD0662842D136E000BF19
:1039A0006B4800781C2807D169491031062003F0C4
:1039B000C4FC48B9072023E465491031072003F00F
:1039C000BCFC08B907201BE41C98D0B10020119062
:1039D00013E00121119801FA00F01C99084040B948
:1039E0005C481838119950F821205948103040F897
:1039F00021201198401CC0B2119011980328E8DBD7
:103A000001E0002021900CE000BF0AE009E05048EE
:103A1000407828B14E484078012801D01E2017E494
:103A200000BF00BF00BF00BF49484078502804D104
:103A30001C9800280BD01F200AE42198022806D1E8
:103A40004348407820B91C980028F8D12190A0E183
:103A50003F48C06800210990FCF73CFE01D11620C8
:103A600008E43B4840788C2878D006DC01280BD04D
:103A700002280ED003280BD110E08D286FD08E289D
:103A80006FD08F28F7D163E11C9808B900202190EE
:103A90007EE1189840F00400189000BF1C9808B907
:103AA0001A205AE40121209801FA00F001221F99FE
:103AB0008A4010431C99084008B920204DE425484D
:103AC0001838209950F8210007902148343050F8D8
:103AD000210006900799FCF7BAFB09901D48183899
:103AE0001F9950F8210007901948343050F82100F0
:103AF00006900799FCF7ABFB0890199800F080003E
:103B000070B3199820F0800019900C2210493431BC
:103B100010481838FCF73CFB08B921201DE40C487C
:103B2000C078012807D10A48806A0B490690FCF743
:103B300094FB0749886208990846FCF78EFB0690BB
:103B400009990846FCF789FB04900148806A09E05E
:103B500058080020480800203333CB41FDE0F6E050
:103B60006DE0FBE0014601904FF08140FCF775FBF2
:103B70000290FE48806A014601900298FCF76DFBB6
:103B800003900499FCF763FB05900699FCF75FFB33
:103B9000079000210798FCF79DFD01D2222050E4F8
:103BA000DDE9081000F0B4FB0690079804F098F9DE
:103BB00080F0004005900699FCF781FB0790EB48E8
:103BC0004078032803D1079880F000400790E74829
:103BD000806A00210690FCF77DFD09D2079880F0ED
:103BE00000400790E148806A80F00041DF48816230
:103BF000DDE90710FCF731FB05900999FCF72AFB7A
:103C00004FF07C510690FCF728FB0146D748103056
:103C1000209A40F8221007990998FCF71EFB05909E
:103C20000899FCF7C2FA4FF07C510690FCF715FB9F
:103C30000146CE4810301F9A40F8221086E001213C
:103C4000209801FA00F001221F998A4010431B9925
:103C5000084008B923201AE4199820F00E001990A2
:103C6000C248C07801281FD10020119019E001211D
:103C7000119801FA00F01B99084070B1BB48103050
:103C8000119950F82100BA490590FCF7E6FA01466F
:103C9000B6481030119A40F822101198401CC0B25A
:103CA000119011980328E2DBB0481030209950F8A9
:103CB0002100014605900998FCF7C9FA0990AB4824
:103CC00010301F9950F82100014605900898FCF724
:103CD000BEFA0890DDE9081000F01AFB0790A3482F
:103CE00010301F9950F821000590A04810302099FD
:103CF00050F821000490059900F00AFB9B49886266
:103D00000846806A014605900798FCF7A0FA20F063
:103D10000040069097490698FCF7E6FC15D24FF054
:103D20007C510698FCF7E0FC01D221201AE48F4870
:103D3000806A014604909048FCF78FFA0590069936
:103D4000FCF7C8FC01D221200CE400BF20E000BF3A
:103D5000189840F01000189000BF00BF83484078CA
:103D60008E2803D0814840788F2803D1189840F0DE
:103D7000080018901C9808B91A201DE40C227B49F1
:103D800034317E48FCF704FA08B9212014E400BF5E
:103D900000BF189800F0010020B1199820F0210010
:103DA000199004E040F22131199888431990219824
:103DB00018B1199820F4E0501990199808B12420EE
:103DC0004BE40BA80A9000210A98016041608160D1
:103DD000189800F0010070B31A9820F0490008B15B
:103DE00010203AE461480078352804D05F48007814
:103DF00008B1102031E461481C38C1680A9841605C
:103E00005E481C38407A5D491C39097A08438DF8B0
:103E1000340056490BA800F091FA0990099840B96E
:103E200056491C395148D0E90D32C06BC1E90732FF
:103E30004862099811E4FFE7514890F8480000F003
:103E40000200A8B34948407801280BD04748407881
:103E5000022807D045484078032803D0189840F03E
:103E6000400018901C9838B12198022804D1189865
:103E700040F08000189024E040481C38407A102818
:103E80001FD13E481C380078012809D03B481C3817
:103E90000078022804D039481C380078032808D15B
:103EA000189800F0400018B1189840F020001890C1
:103EB00007E0189800F0400018B9189840F020006A
:103EC00018902A48006A2D491C3988612748807853
:103ED00048700846407828B10A98007A40F00801F6
:103EE0000A9801722148C06824491C3908610846B3
:103EF00001690A9801601D48C06A09901F481C3872
:103F0000C06808900999FCF7E5FB03D1189800F008
:103F1000200010B319481C38407AC8B1189800F036
:103F20008000A8B9189800F0400038B113481C3838
:103F3000407A0021099003F0C1FF09E00B48C06AF4
:103F400009900E481C38407A0890099903F0B6FF92
:103F50000648C06A09491C39C860189800F040003A
:103F600088B906481C38C1680A980BE05808002038
:103F70003333CB410AD7A33B6F12833A300800207A
:103F8000541000204160D04890F83000CF490875A7
:103F90000846417ACC48807A81420CD00A98406821
:103FA0000990C948807A0890099903F087FFC648AC
:103FB000807AC64948720A98007AC449497A084307
:103FC0000A990872C148017ABF48407A814212D0EA
:103FD000BD48407A0990FEF7ADFDBB48407A18B95C
:103FE0000020BA49087206E0B848007AB649497A12
:103FF0000843B64908720A98007AB449097A084316
:104000000A990872B0480078042804D1AE48406A82
:10401000099000F059FEAC484079AC490871AA48B3
:10402000C07888702198032818D1A74880794871F2
:104030000846407910B90021A348C163A248C06B6B
:104040000990A248006C08900999FCF743FB05D041
:104050009D48C06B9D49086405F010F99B48817923
:104060009948C07981420AD09748C07997498871A8
:1040700008460EA90EC928300EC005F0FFF8924878
:1040800000799249C8709048007826283FD006DC15
:104090000A280BD01C281ED01E2857D11CE0282827
:1040A0003BD05C283FD0662850D147E0864910318C
:1040B0001D9803F024FC854881791D98814209D11F
:1040C00082498148D0E904328069C1E90A32086333
:1040D00005F0D4F83AE000BF0A98007A40F00101F8
:1040E0000A980172219820B1774834300A9900F07B
:1040F00039FE754810300A9900F034FE734A724850
:10410000D0E904318069C2E9073150621EE06F498D
:104110001C31062003F0F3FB18E06C491C3107202A
:1041200003F0EDFB12E069496748D0E90D32C06B3E
:10413000C1E90D32C86305F0A1F807E0634800212A
:1041400041638163C16305F099F800BF00BF5E4819
:1041500040785E4908700846007850285AD0219867
:10416000022857D10020099008460078012805D17F
:10417000554834300A9900F0F5FD3AE0534800788C
:1041800058B90A98007A40F001010A9801724E4825
:1041900034300A9900F0E6FD2BE04C480078022804
:1041A00003D04A480078032816D11898C0F380003D
:1041B000DDE91F321E99CDE90123CDE90310424804
:1041C000806A414B1033414A1C32009003F12400B5
:1041D0000A9900F0DFFB0CE00A98007A40F0040135
:1041E0000A98017238483430189A0A9900F0F8FD9C
:1041F0000990099840B935493348D0E90D23C06B7F
:10420000C1E90723486204E00998012801D100F0C0
:1042100075F800BF2C48007A2C49C8710846C0794F
:10422000D8B301F09BFB2948C079032809D128485D
:10423000007802282ED0082005F0B8F801F0FEFE24
:1042400028E001202149087000200871C8704870DA
:1042500088714872087264201D498872C872087398
:1042600008460078022812D018488079174928316A
:10427000099003F062F808B9072012E404F0FEFF89
:104280000021084603F0CAFD0020FEF725FC0820A7
:1042900002F092F900210D48C1710B48807A40B1BB
:1042A0000948C06A0B490990FCF71EFA01D8FDF7CE
:1042B000A3F80548807A10B10548007808B1FDF7E9
:1042C000C5F800202AE40000580800201408002047
:1042D000A80000200000484310B544210648FBF721
:1042E0004CFF05498879283103F027F810B90720D9
:1042F00002F04AFE10BD00001408002010B502496B
:10430000024804F07FFD10BDBC00002030080020F2
:104310002DE9F04104460D4629462846FBF79DFF4E
:10432000074621462046FBF798FF80463946FBF7B3
:104330003CFF064603F0D4FDBDE8F08170B50446AD
:104340000D46E8682060207A40F004002072104892
:1043500090F8480000F0200030B105F1340004F07E
:10436000D7FC08B10F2070BD214605F1340000F0E4
:10437000F9FC0848007848B901F03AF830B120203B
:104380000449087003F052FE04F0E2FB0020EAE763
:1043900054100020A80000202DE9F04106460D46EB
:1043A000134F00241FE055F824000021FCF792F978
:1043B00017D055F8241056F82400FBF780FF20F0A2
:1043C000004839464046FCF78FF901D2384607E0ED
:1043D00055F8241056F82400FBF771FF20F0004038
:1043E0000746601CC4B2032CDDDB3846BDE8F08113
:1043F000FFFF7F7F282000F01F0201219140034A28
:10440000430942F8231000BF7047000080E100E03C
:1044100070B500260F48FCF71BFF05460E4890F8C4
:10442000480000F0400010B985F4E04500E000BF0E
:1044300075B100240AE0094830F81400284018B18A
:104440000120A0403043C6B2601CC4B2032CF2DB92
:10445000304670BD000C014054100020AC940008A0
:104460002DE9F04F8DB080469248407810B10DB0E4
:10447000BDE8F08F0DF128090020C9F80000C9F847
:104480000400C9F80800062089F8080003200990F4
:104490000026002420E0884830F8140007A921F8FD
:1044A00014000120A04000EA080098B1834850F8A9
:1044B00024108348FBF7D1FE31460190FCF70AF93E
:1044C00001D2304605E07D4850F824107C48FBF7C7
:1044D000C4FE0646601CC4B2032CDCDB0125774811
:1044E0002438D0F858A000BF764904A804F08AFC0C
:1044F00000270020039000242FE00120A04000EAC4
:10450000080040B30398401CC0B2039000206D49DE
:1045100041F8240069482438B0F852000121A14034
:10452000084050B12DB186F0004004A941F82400A4
:104530000DE004A840F8246009E01DB104A840F88B
:10454000246004E086F0004004A941F8240007A894
:1045500030F814000743601CC4B2032CCDDB039871
:10456000FCF70DF8009003F0BBFC51460190FBF7FF
:1045700074FE82464F480781C9F800A0494604A846
:1045800000F026FD04204B49487103F04FFD04F074
:10459000DFFA00BFC5B1FFF73BFF834600240FE001
:1045A00007A830F81400384040B10120A04000EACC
:1045B0000B0018B107A830F814008743601CC4B280
:1045C000032CEDDB3B48078103F030FD3E480078CB
:1045D00000F0340068B33C4800780190019800F086
:1045E000100010B1062004F0CFFE019800F020006A
:1045F00010B1072004F0C8FE3DB9FFF709FF00EA3B
:10460000080010B1082004F0BFFE35B1019800F099
:10461000040010B1092004F0B7FE2C48007820B146
:1046200000F04EFC01F00AFD21E7042004F0C0FB7D
:1046300003E007F054000028ACD100BF04F00EFAEC
:104640001E492439B1F85C00FCF740FA0DB901208D
:1046500000E0002005465DB118492439086E1C4968
:10466000FBF7FBFD064615482438D0F854A004E0BB
:1046700012482438066ED0F858A00998411EC9B2D5
:10468000099100283FF730AF00240CE00120A04042
:1046900000EA080028B1002002900A49029841F877
:1046A0002400601CC4B2032CF0DB002001494871D7
:1046B00000BFDCE6A8000020A094000878100020CD
:1046C0000000C0BFBC00002001000020020000204C
:1046D0000000A0401FB501210920FCF771FF032055
:1046E0008DF80E0048208DF80F004FF4E040ADF833
:1046F0000C0003A91A48FCF7D7FC1A4890F84800A8
:1047000000F0080048B30C210120FCF7ADFC0D219E
:104710000120FCF7A9FC0E210120FCF7A5FC4FF4B9
:10472000E040019000208DF808000C208DF8090071
:1047300001208DF80A0001A8FCF77CFB28208DF8E9
:10474000000003208DF801008DF8020001208DF893
:1047500003006846FCF7B0FE01E0FFF74BFE1FBD0B
:10476000000C01405410002010B50446204604F00F
:10477000CFFAD8B101200E49087108460078082800
:104780000CD104F013FE00BF01F058FC084840783B
:1047900000B110BD064800780028F5D100F090FB6C
:1047A000022004F0F1FD01F049FCF2E700BFF0E760
:1047B000A800002070B50546FCF737F8044601460E
:1047C0002846FBF744FD15F0004F4FF07F450ED013
:1047D000B0F13F4F28BFB5EB400F0ED2B0F17C5F78
:1047E0001DDDB5EB400F1AD313E0044617E0B0F11E
:1047F0003F4F08D9B5EB400F05D34FF07E5120460F
:10480000FBF725FDF1E7B0F17C5F08DBB5EB400F6E
:1048100005D34FF07E512046FBF7C7FCE5E7B4F126
:104820009E4F02DDB5EB440F05D2B4F14F4F05D9D1
:10483000B5EB440F02D30120FDF73CFF2046BDE855
:104840007040FCF76DB80000FCF7EEFBFEF7AAFA2B
:104850004FF0E020006920F004004FF0E0210861F3
:10486000FCF7BEFE02F04AFDFCF70EF94FF4A06023
:10487000FCF75AFE4FF4E13004F0CCFD02F028FCC6
:10488000FCF730FD00BFFCF7CFFBFEF78BFA4FF0D3
:10489000E020006920F004004FF0E021086102F000
:1048A00017FC02F02BFD04F0A1F904F0F1FCFCF779
:1048B0007DF8FCF74BFD02F0DFFC28480021016089
:1048C0004160816000202649087088702548FCF707
:1048D000FBFA00BF2248807830B123A000F096FF99
:1048E00001202549087038E01D4804781421FBF7A1
:1048F00044FC1B480470642019498872C87208730C
:104900001E48002101604160816000201C49087040
:104910001C4908701C4908701C4908701C49087023
:1049200002F05CFCFFF7D8FC03F06CF9FEF7ACF882
:1049300011480078012801D0FFF7CCFE00F0D4FF29
:1049400000F0A4FD04F08AF800F0BEFDFFF7D6FCED
:1049500002F094F801F07EFBBCE794E7BC00002075
:10496000A800002000F801087379732E61626F724D
:1049700074730D0A000000007A000020C8000020B7
:1049800000000020010000200200002003000020A1
:10499000040000202DE9F04F95B08146884614466A
:1049A0001D46DDE9207A1F9E55F8261054F8260092
:1049B000FBF7FBFB139055F8271054F82700FBF783
:1049C000F4FB129055F8260080F00040119055F845
:1049D000270080F00040109059F826001399FBF74B
:1049E00036FC0F9059F827001299FBF730FC0E9017
:1049F0000E991098FBF731FC0A900F991198FBF76C
:104A00002CFC09900A99FBF7D0FB0C90DDE90F1004
:104A1000FBF723FC0A900E991198FBF71EFC0990F6
:104A20000A99FBF714FC0B900C99FDF749FE0D90C9
:104A3000229878B10D98FBF7EDFD9B4A9B4BCDE991
:104A40000A01FBF713FE14D899490D98FBF7FFFBF9
:104A50000D900EE00D98FBF7DDFD934A954BCDE9E7
:104A60000A01FBF7EBFD04D891490D98FBF79DFB7C
:104A70000D904FF080401E99FBF7EFFB06908E489B
:104A8000C16B0698FBF7E3FB07908B48C16B079857
:104A9000FBF7E3FB089003F023FA0A904FF07C50F9
:104AA0000D99FBF7DAFB08901E99FBF7D6FB20F077
:104AB000004009900A99FBF702FC0B90FEF708FAF8
:104AC0000C90FBF77AFD1FFA80FBBBF1000F7DD045
:104AD00098F8080000F0080078B15846FBF74FFD41
:104AE0000390D8F80010FBF7B8FBC8F8000098F85E
:104AF000080020F0080088F808005846FBF73FFD42
:104B0000014603900D98FBF7DAFB0C905846FBF733
:104B100036FD039054F82A1059F82A00FBF797FB4A
:104B200002900399FBF7CBFB0B900C990846FBF71F
:104B300094FB4FF080410390FBF78CFB0A904FF001
:104B400081410A98FBF731FB5C4903900C98FBF715
:104B500084FB02900399FBF780FB09900A98FBF70E
:104B600059FD0022564BCDE90001FBF78DFCCDE944
:104B70000201FBF793FD0A900020049001200590AC
:104B800086E004980C2824DA0A991098FBF765FB54
:104B9000039009991198FBF760FB02900399FBF7CA
:104BA00004FB069009991098FBF757FB03900A99AC
:104BB0001198FBF752FB02900399FBF748FB119009
:104BC000069810900498401CC0B200E065E0049084
:104BD0003DE00598FBF7D3FC02900C99FBF73DFBF9
:104BE0000390FDF7B7FF07900598FBF7C8FC02900C
:104BF0000C99FBF732FB039002F092FE089055F8F7
:104C000027000899FBF729FB039055F8260080F050
:104C1000004001900799FBF720FB02900399FBF7F6
:104C2000C4FA119055F827000799FBF716FB03907B
:104C300055F8260080F0004001900899FBF70DFB25
:104C400002900399FBF703FB109000200490119948
:104C50001398FBF7AAFA44F8260010991298FBF76C
:104C6000A4FA44F8270054F82A000B99FBF79DFAA0
:104C700044F82A004146204600F074F81148407874
:104C800010B115B0BDE8F08F0598401C80B20590BA
:104C900005985845FFF675AF00BF4146484600F0FD
:104CA00061F800BFEDE700008DEDB5A0F7C6A0BE2E
:104CB000DA0FC940F7C6A03E54100020ABAA2A3E26
:104CC0000000E03FA800002010B504460648007828
:104CD000022800D110BD00F041FE00212046FDF762
:104CE000F7FF00BFF6E70000A800002010B504465B
:104CF000FFF780FB1CB12046FFF7B2FB05E0042064
:104D0000FFF7AEFB0320FFF7ABFB01F097F9134869
:104D1000407810B1FFF7DEFC10BDFFF7EFFA00F0AE
:104D2000D3FB4FF4E040FCF76BF8282000F01F02A3
:104D3000012191400A4A430942F8231000BF00BFF5
:104D400000F01F02012191404209920002F1E0228D
:104D5000C2F8001100BF00BFDEE70000A80000207D
:104D600080E200E070B505460C461B4890F848000C
:104D700000F0200030B119480078202802D02846E1
:104D8000FFF7F2FC15480078022800D170BD00BF83
:104D900001F054F91148407800B1F7E700F074FAD7
:104DA00010B100F0D3FD00E000E0F1E700BF2146C4
:104DB000284600F00DF968B9074890F8480000F05F
:104DC000020038B1207A00F0100018B1102061689C
:104DD00003F074F800BFD9E754100020A8000020A9
:104DE0002DE9F041074688461446314800780228EC
:104DF00002D10020BDE8F08100F0B0FD2C484078E1
:104E000008B10220F6E7C4F3C005C4F30016002081
:104E100027498871284600F03BFD00F053FD48B15A
:104E2000042004F0B1FA01F009F9002000F030FD8F
:104E30000220DFE741463846FFF794FF01201D4975
:104E40000870022004F0B2FA00BF01F0F7F8184829
:104E5000407808B10220CDE7154800780028F4D149
:104E600014480078012809D126B11348134B0ECB02
:104E70000EC006E0052004F087FA02E001200C498C
:104E8000887100200B49087000F002FD01F0D6F88F
:104E900003F0E4FD00F0FAFA00F016FB01F05AFE10
:104EA0000348807908B10120A4E70020A2E70000B0
:104EB000A800002000000020C8000020BC00002046
:104EC00010B51348007800F0100000BB102004F06B
:104ED0006DFA02F0DDFFFDF721FE0E48007800F0CC
:104EE0002C0020B90B48407900F0060078B1094841
:104EF0000078042806D10848007830B9062004F06C
:104F000043FA02E0032004F03FFA03F03FF810BD3B
:104F100001000020A800002002000020F0B5044697
:104F20000D461646002311E028466D1CFDF734FFA0
:104F30000246580008B9D81108B1012000E000204D
:104F400003469818C3B204F8012B761E002EEBD14D
:104F50002846FDF721FF984201D10120F0BD002035
:104F6000FCE72DE9F04107460C461646002511E006
:104F7000680008B9E81108B1012000E000200546EA
:104F800020782844C5B214F8011B38467F1CFDF771
:104F90002BFF761E002EEBD129463846FDF724FF65
:104FA000FDF7C6FEBDE8F08110B5074890F8500047
:104FB00020B101210548FCF75CF903E00121034819
:104FC000FCF759F910BD000054100020000C0140FE
:104FD0002DE9F04F91B080460E46A048007800EBD6
:104FE000800101EBC0009E4901EB80043421204682
:104FF000FBF7C3F8307AA07470682063A07C00F0DF
:10500000020038B1974AD2E900109268CDE90C024B
:105010000B9103E0944A07CA0BAB07C3002544E099
:10502000924A52F8251058F82500FBF716F98146E8
:10503000FFF7C0FB0EA941F8250051F825100BAA77
:1050400052F82520881A002801DB014600E0414281
:1050500044F8251054F82510E068884201D9E0682A
:1050600001E054F82500E0600EA951F825100BAAC4
:1050700052F82520881AFBF779FA81467B4850F8C8
:1050800025104846FBF71BF9074608A840F825708D
:1050900000213846FBF71EFB05D2208A744931F8FF
:1050A000151008432082681CC5B2032DB8DBE068E8
:1050B00018B9002011B0BDE8F08F08A8FDF798FCE2
:1050C000206208A969481830FFF766F9E06108A96D
:1050D00066480C30FFF760F9A062A07C00F0010088
:1050E00010B1A06AE0620AE03068E062A07C00F0E3
:1050F000080020B1216AE06AFBF7AFF8E062574888
:1051000000785C490978884203D0A07C00F0020056
:1051100018B100206061606278E04FF0000900255E
:105120001BE008AA52F825104F4A0C3252F825000D
:10513000FBF793F882464946FBF78CF881464A4ACA
:105140000C3252F8251008AA52F82500FBF77FF818
:1051500005A941F82500681CC5B2032DE1DB4649CD
:105160004846FBF7C1FA02D2002060624DE0434995
:105170004846FBF7AFFA02D24148606245E005A815
:10518000FDF736FC05A939481830FFF705F90490FA
:1051900049464FF07E50FBF75AF883464FF07C515A
:1051A000FBF75BF8824602F09BFE03904FF07E50C7
:1051B0000399FBF74CF802902C48816B0498FBF79D
:1051C0004CF801900399FBF748F883460299FBF7E6
:1051D00076F882460021FBF77DFA01D2002012E02A
:1051E0004FF07E500399FBF732F802901F48816B15
:1051F0000498FBF732F883460399FBF72EF88246B2
:105200000299FBF75CF8606200BF00BFA07C00F071
:10521000020008BB204600F045F881461248494686
:105220008269204600F080F80F48C0F8189008A95D
:105230000EC90C300EC018380EA90EC90EC0114888
:105240000078064908700846007800F013F90D4907
:10525000087000F079F900BF01202BE74C00002016
:1052600098080020BC000020E80F00205410002007
:10527000A69400084B000020EFFF7F3FEFFF7FBFA9
:10528000FFFF7F7F4D000020044800780449097823
:10529000884201D1012070470020FCE74B0000202C
:1052A0004D0000202DE9F0410446E56AA07C00F0A5
:1052B000010068B11949C87AFBF761F90746184936
:1052C000FAF7CBFF06462946FAF7C7FF054616E070
:1052D000A07C00F0040060B91049887AFBF74FF910
:1052E00007460F49FAF7B9FF06462946FAF7B5FF10
:1052F00005462846A16AFBF7F7F900D2A56A2846B9
:10530000FBF788F906460022064BFBF7AFF902D2FD
:105310002846BDE8F0814FF07E50FAE7A800002053
:105320000AD7233C0000F03F70B504460E461546F0
:1053300029463046FBF7D8F905D229462846FAF720
:105340008CFFA06104E031463046FAF786FFA06189
:10535000616AA069FBF7C8F901D2606AA06170BDFB
:1053600010B503F0DBFB034800780349087000F038
:10537000EBF810BD4B0000204E00002000B50B489C
:1053800000780B49097888420FD00948007800F06E
:1053900071F802460648007806490978884201D12A
:1053A000044802700248027000BF00BD4C0000209B
:1053B0004B0000204E0000200B4800780B49097874
:1053C000884208DB0848007808490978401AC0F18B
:1053D0002300C0B270470548007803490978401A95
:1053E000401EC0B2F6E700004C0000204B00002039
:1053F0000848007808490978884201D100207047A0
:105400000548007800EB800101EBC000034901EB87
:105410008000F4E74C0000204B000020980800209A
:1054200000B50A48007800F025F8024608480078E0
:10543000824201D1002000BD02EB820000EBC200DD
:10544000044901EB80004069F5E700004B000020B3
:105450004C000020980800200448007800EB8001F0
:1054600001EBC000024901EB800070474C000020B6
:1054700098080020411CC8B2242800D100207047A1
:1054800000B92420411EC8B27047000010B51C218D
:105490000248FAF772FE00F003F810BDE80F002092
:1054A000002005490870054908700120044908706A
:1054B00000200449087070474B0000204C00002079
:1054C0004D0000204E000020002007E0054951F863
:1054D0002010054A42F82010411CC8B20328F5DB11
:1054E00070470000BC000020E80F00202DE9F041CB
:1054F00010480478104F14E004EB840000EBC40063
:105500000E4901EB80063046FFF7CCFE05463A46D1
:1055100029463046FFF708FF2F462046FFF7AAFF2F
:105520000446074800788442E6D106488761BDE812
:10553000F08100004B000020FFFF7F7F98080020D3
:105540004C000020E80F00202DE9F0475848007873
:10555000FFF796FF054657480078854201D1BDE820
:10556000F08705EB850000EBC500534901EB800493
:105570004FF08040E169FAF770FE8146216AFAF740
:105580006CFE8046A169FBF7AFF801D2A06908E084
:105590004FF08040E169FAF760FE8046216AFAF731
:1055A0005CFE60612846FFF76BFF054641480078C6
:1055B000854206D141480078854235D103F0AEFAE4
:1055C00032E02DE0264605EB850000EBC5003A49A8
:1055D00001EB80042846FFF753FF05463748007863
:1055E000854201D103F09AFAD4E90501FBF772F87C
:1055F00016D04FF08040E169FAF72FFE8146216A0C
:10560000FAF72BFE80467169FAF7CFFD0746384658
:10561000A169FBF75FF801D2676101E0A0696061F1
:10562000244800788542CDD12248007800EB8001E3
:1056300001EBC000204901EB80061E480078FFF70F
:1056400019FF05462DE0344605EB850000EBC5004B
:10565000194901EB800671696069FBF73BF815D2C7
:105660004FF08040E169FAF7F8FD8146216AFAF7C8
:10567000F4FD80466169FAF798FD0746384671697E
:10568000FBF728F802D277610A480570D6E90501D0
:10569000FBF720F801D1074805702846FFF7EAFE1E
:1056A0000546034800788542CDD100BF57E700008A
:1056B0004C0000204E000020980800204B000020E5
:1056C0002DE9F04786B082460D4600215046FBF793
:1056D00001F804D22D2001F093FD8AF0004AA9467A
:1056E00008E02D495046FAF7B8FD8246A9F10200BC
:1056F00000F0FF09B9F1020FF3DAB9F1000F04D09D
:1057000026495046FAF7A9FD82465046FAF782FF2D
:1057100007460022224BFAF710FECDE90001FAF706
:10572000BDFF824600245046FAF72EFF06460DE0E4
:105730000A20B6FBF0F100FB116030302146621CFC
:10574000D4B202AA50540A20B6FBF0F6002EEFD1D4
:1057500005E030222046611CCCB202A90A54AC42BA
:10576000F7DBAC4205D130222046611CCCB202A945
:105770000A540BE0AC4202D12E2001F041FD611E23
:1057800002AA505C01F03CFD601EC4B2002CF1DCAA
:1057900006B0BDE8F08700000000C84200002041CC
:1057A0000000E03F70B50446094890F8480000F05A
:1057B000010040B107492046FAF74FFD0546042194
:1057C000FFF77EFF03E003212046FFF779FF70BD5E
:1057D000541000208B42213D70B50446094890F8D2
:1057E000480000F0010040B107492046FAF735FDB6
:1057F00005460121FFF764FF03E000212046FFF783
:105800005FFF70BD541000208B42213D70B50446EF
:1058100002E0284601F0F4FC14F8015B002DF8D1F9
:1058200070BD10B5044603E014F8010B01F0E8FC6C
:1058300020780028F8D110BD70B504460025002658
:10584000642C0ADB0A2094FBF0F100FB114030309D
:10585000C5B20A2094FBF0F0C4B20A2C0ADB0A207D
:1058600094FBF0F100FB11403030C6B20A2094FBEB
:10587000F0F0C4B204F13001C8B201F0C1FC16B1BD
:10588000304601F0BDFC15B1284601F0B9FC70BDF1
:1058900000210A4A11800A4991F8481001F080015C
:1058A00021B91146098881F02001118028B10349EE
:1058B000098881F02001014A1180704750000020C2
:1058C0005410002010B50648FBF7C2FC00F0200081
:1058D00004490988484008B1012010BD0020FCE7B8
:1058E000000C01405000002008B501210820FBF702
:1058F00067FE03208DF8020048208DF80300202069
:10590000ADF8000069460348FBF7CEFB0020FFF727
:10591000BFFF08BD000C014010B5FFF7D3FF60B119
:105920000020064908700648064B0ECB0EC00648FC
:10593000007840F040000449087010BD00000020CD
:10594000C8000020BC0000200100002010B5FFF7B7
:105950004FFD10B1022003F029FD10BD10B5FFF777
:10596000F5FF00BF00F06AFB0648407800B110BDAB
:10597000FFF73EFD0028F5D1024800780828F1D055
:1059800000BFF4E7A800002070B5FFF731FD054621
:1059900045B98348407A8249097A40EA010480483F
:1059A000C66801E0AC7C2E6B7E4890F8480000F0A1
:1059B000020010B1202003F0DDFCEAE07A484078D4
:1059C00000B170BD7848C07800F0010000281FD0F9
:1059D0007548007800F0C00000287DD07248C0787B
:1059E00000F00400A8B900206F4948730021084660
:1059F00002F014FA0020FDF76FF86B48C07820F031
:105A000002006949C8700846C07840F00400C870B8
:105A1000BDE065480078802813D10B2000F0CCFD54
:105A20000021084602F0FAF90020FDF755F802F0CF
:105A3000ADFA01E000F0BAF85B4840780028F9D0F0
:105A4000BFE759480078402808D103F05BF928B92E
:105A50005548C07820F020005349C8705248C0789B
:105A600000F008000028D3D04D48407AD8B14E4805
:105A7000C07800F00200B0B94A4890F8480000F041
:105A8000020030B14848407940F00800464948716A
:105A900009E004F03000314602F0C0F901214FF076
:105AA0008140FDF715F93E48007A68B13E48C0785C
:105AB00000F0020040B904F04000FDF70DF80121AC
:105AC0004FF07E50FDF704F93748C07800F002002F
:105AD00000285CD1344800E008E0C07840F01000B5
:105AE0003149C870022003F061FC50E02E48407B31
:105AF000E0B32D48407B00F0020070B12848407AA6
:105B000038B10021084602F089F90120264948737E
:105B10003DE000202449487339E02348407B00F0F1
:105B20000C0010B31E48407AA0B10A2000F044FDDA
:105B30001C4890F8480000F0020030B11A48407943
:105B400040F008001849487104E004F03000314684
:105B500002F064F91448407B00F0080010B1022004
:105B600003F024FC00201049487310E0FFE70E48C2
:105B7000407900F0080050B104F03000314602F0E6
:105B80004DF90948407920F008000749487100F0B4
:105B90000DF80548C07800287FF410AF00BF10E76B
:105BA0001408002054100020A800002070B5FC4804
:105BB0000478ACB10120FB490870204600F096FC47
:105BC000012C01D0022C09D1012000F0F5FC00BF0E
:105BD000F548007800F010000028F9D003F0D8F85C
:105BE000F1480478002C7DD004F0100018B1012099
:105BF000EC49487070BD04F0010020B100F0C8FF0E
:105C0000012003F0D5F804F0E80000286BD0E54847
:105C1000007800F00300002869D1E248007800F025
:105C20002800A8B1DF48C07800F0C00080B902F0B9
:105C300075FF0220DB49487108460078202807D10B
:105C400004F0800020B90846C07840F08000C87099
:105C5000D448007810B90120D249C87004F040003F
:105C600050B1D048007800F0200028B9CD48C07865
:105C700040F04000CB49C87004F0080038B1C94872
:105C8000007800F0E00010B91020C649087004F058
:105C9000200048B3062000F08FFCC248C07800F016
:105CA0008000D0B9BF48007840280FD1BD48C078E7
:105CB00000F0080050B1BB48C07820F01C00B94982
:105CC000C8700846C07840F00200C870B548007837
:105CD000802802D04020B3490870B248C07840F014
:105CE000200002E0B4E015E001E0AE49C87004F025
:105CF000800060B1AB480078012805D1A948C07880
:105D000040F00500A749C8708020A6490870E82027
:105D100003F04EF804F00200002857D004F06800A9
:105D2000002850D19F480078402818D19D48C0785D
:105D300000F0200098B99B48C07800F0100018B11E
:105D40000020984908700AE09648C07800F00400E6
:105D500028B19448C07840F008009249C870914832
:105D6000007848B18F48007800F0100030B38D48BB
:105D7000C07800F0010008B38A480078102809D1E3
:105D80008848407B30B18748407B40F00800854917
:105D9000487318E0002083494871FFF729FB70B170
:105DA0008048C07800F0400048B900207D49C870A4
:105DB0000820087002F03AF902F0CAFE03E0002061
:105DC0007849C8700870022002F0F2FF04F0040065
:105DD000F0B37448007800F0D000D8B17148007971
:105DE000C0B97048C07800F0800098B9FFF7B8FAE1
:105DF0006C48407900F0020028B16A48C07840F051
:105E000001006849C8706748407920F0060065497C
:105E1000487128E06348C07800F0800050B100204D
:105E200060494871FFF732FB02F018FEFEF766FA90
:105E3000FFF74AFB5B48C07800F0200078B1594872
:105E4000C07820F080005749C8700846C07800E04C
:105E50000CE040F00100C8704020087003E0002012
:105E60005049C8700870042002F0A2FF4F4804781F
:105E7000F4B302F095FF4B48857A04F0010000B1BD
:105E8000642504F0020010B105F10A00C5B204F067
:105E9000040010B1A5F10A00C5B204F0080008B171
:105EA000681CC5B204F0100008B1681EC5B2C82D48
:105EB00001DA284600E0C82005460A2D01DD284603
:105EC00000E00A2005463748C67A04F0200000B1F9
:105ED000642604F0400000B1322604F0800000B1D6
:105EE00019263048807AA84205D12E48C07A00E0B1
:105EF0000CE0B04209D02B488572C67200202949B7
:105F00008873FFF7F3FAFFF72BFA00BF28480478ED
:105F1000002C70D002F034FF2248057B04F0010011
:105F200000B1642504F0020010B105F10A00C5B209
:105F300004F0040010B1A5F10A00C5B204F0080095
:105F400008B1681CC5B204F0100008B1681EC5B2E3
:105F5000C82D01DA284600E0C82005460A2D01DDDB
:105F6000284600E00A2005460E48007BA84209D0DA
:105F70000C48407940F008000A494871084605730A
:105F80000020887304F02000F8B10648007810283B
:105F90001BD10448407B68B902200249487314E0D1
:105FA00002000020A80000200100002003000020C3
:105FB000040000201F48407B00F0010028B11D486C
:105FC000407B40F004001B49487304F0C00030B32C
:105FD0001848007820B11748007800F01800F0B198
:105FE0001548067A04F0800040B106F0800018B130
:105FF00026F0800602E013E046F0800604F0400040
:1060000038B106F0400010B126F0400601E046F03D
:1060100040063046FCF760FD0748067200BF00BF2F
:106020000448007800F0FC0008B101F0FFFF00BF59
:10603000E0E50000A80000201408002010B5FFF7DC
:10604000B5FD0348C07808B1FFF79EFC10BD000005
:10605000A8000020F8B5AA48007800F0810030B10F
:10606000022000F0A9FA0120A549087010E00020E4
:10607000A349087002F046FE38B1A248007840F00B
:106080002000A0490870FFF7D9FF9F4803F0D6F819
:106090000025002600BF9D480078012808D19C48B3
:1060A000006828B10320FBF7EFF80020984908604A
:1060B0009848007801280BD100209649087096492D
:1060C00008609249087001208D498870FEF7F8FE3B
:1060D00092480078012807D10020904908700120DB
:1060E00087498870FEF7ECFE85480078002846D086
:1060F000FBF754F900284ED0FBF7A8F98048007848
:10610000082815D007DC78B1012827D0022829D02B
:10611000042833D11EE010280ED0202816D04028A5
:1061200024D080282AD125E07DA0FFF76FFB25E051
:106130007DA0FFF76BFB21E07148C07800F0800084
:1061400018B97AA0FFF762FB18E000BF79A0FFF74B
:106150005DFB13E078A0FFF759FB0FE078A0FFF795
:1061600055FB0BE078A0FFF751FB07E078A0FFF7A5
:106170004DFB03E078A0FFF749FB00BF0BE0FBF706
:106180000DF940B176A0FFF741FBFBF75FF9FEF791
:1061900097FEFAF731FC0098052809D17648007877
:1061A000062805D175A0FFF731FB00207249087061
:1061B0000098052802D000206F49087050480078E8
:1061C00008B9FEF7F1FE4E48007820B90122A82157
:1061D0007248FBF752F882E04C480078012808D159
:1061E0004B48006828B10320FBF74EF800204849CF
:1061F00008604848007801280BD100204649086013
:10620000444908704149087001203D498870FEF7F3
:1062100057FE0A2C01D00D2C33D1FFF70FFF384861
:10622000407800B1F8BD00203749885505F00100DD
:1062300018B10B2000F0A8FE20E03348007818B910
:10624000002000F0A1FE19E02F480078242806D194
:106250002D4802F0FDFD074600F096FE0EE02848AE
:10626000007800F0210018B1092000F08DFE05E053
:106270002548FCF76BFE074600F086FE0025002649
:106280002DE03DB1292C2AD105F0020008B325F0FC
:10629000020524E0202C22DD2F2C20D0282C02D136
:1062A00045F002051BE03B2C02D145F0040516E049
:1062B0004F2E02DB45F0010511E0612C0ADB7A2C40
:1062C00008DCA4F12000C2B23046711CCEB20E49E7
:1062D0000A5404E03046711CCEB20B490C5400F055
:1062E00047FF0446FF287FF477AFFFF72FFBFFF748
:1062F000A5FE0348407800283FF4CDAE00BF91E7EB
:10630000A8000020010000200410002078000020D8
:1063100074000020700000206C0000207900002034
:1063200049646C650000000052756E00486F6C6433
:106330003A0000004A6F6700486F6D65000000007A
:10634000416C61726D000000436865636B00000082
:10635000446F6F723A000000536C65657000000076
:106360004C61736572206E6F20636C6F7365205291
:10637000657365740D0A0000520000200D0A477213
:10638000626C20312E3166205B27242720666F72D5
:106390002068656C705D0D0A000000000008014077
:1063A0000148006870470000840000202DE9F74F85
:1063B00082B082468B469BF8000000EB0A0414F87A
:1063C000016B002001902D2E04D10120019014F8C2
:1063D000016B03E02B2E01D114F8016B002000901B
:1063E00000250027804625E0A6F13000C6B2092E20
:1063F00015DC781CC7B2082F0BDCB8F1000F01D0F8
:10640000681E45B2009800EB800006EB400000904B
:106410000EE0B8F1000F0BD1681C45B208E0FE2E6B
:1064200005D1B8F1000F02D14FF0010800E002E001
:1064300014F8016BD8E700BF1FB9002005B0BDE814
:10644000F08F0098FAF79BF8814600214846FAF74A
:1064500041F91ED006E017494846F9F7FEFE81468D
:10646000A81C45B215F1020FF5DD002D05DA124921
:106470004846F9F7F2FE81460BE0002D09DD00BF2A
:106480000E494846F9F7E9FE8146681E40B2051EEE
:10649000F6DC019820B189F000410498016002E027
:1064A0000498C0F80090A4EB0A00401E8BF800008E
:1064B0000120C3E70AD7233CCDCCCC3D00002041CE
:1064C00010B50020FCF768FC04460A2C07D16422B2
:1064D00001210548FEF722FD18B9002010BD00205B
:1064E000FCE70120FAE700005410002010B5044634
:1064F00006A0FFF78BF92046FFF79EF900F096FD06
:106500004FF4FA70FAF7E2FA10BD0000414C415224
:106510004D3A000010B5044615A0FFF777F917A013
:10652000FFF774F92046FFF77CF900F059FD18A039
:10653000FFF76CF9562000F063FE4D2000F060FE7E
:106540005A2000F05DFE482000F05AFE4C2000F07A
:1065500057FE2C2000F054FE2320FFF76DF92C206D
:1065600000F04EFEFE20FFF767F900F039FD10BD88
:106570004D6F6E706F72740D0A0000005B564552CD
:106580003A312E31662E32303235303932393A00D6
:106590005B4F50543A00000070B505460C463E2053
:1065A00000F02EFE2846FFF73CF93A2000F028FEC6
:1065B000204600F0E9FC70BD10B504461EA0FFF7B0
:1065C00025F90C2C33D2DFE804F032060A0E12163D
:1065D0001A1E22262A2E1AA0FFF718F927E01DA05E
:1065E000FFF714F923E020A0FFF710F91FE023A024
:1065F000FFF70CF91BE023A0FFF708F917E024A030
:10660000FFF704F913E025A0FFF700F90FE027A03A
:10661000FFF7FCF80BE027A0FFF7F8F807E02AA047
:10662000FFF7F4F803E02DA0FFF7F0F800BF00BF7C
:1066300000F0D6FC10BD00005B4D53473A0000004F
:10664000526573657420746F20636F6E74696E7524
:1066500065000000272448277C2724582720746FD2
:1066600020756E6C6F636B0043617574696F6E3A71
:1066700020556E6C6F636B6564000000456E61624F
:106680006C65640044697361626C656400000000BD
:10669000436865636B20446F6F72000043686563F5
:1066A0006B204C696D6974730000000050676D20A9
:1066B000456E6400526573746F72696E672064651D
:1066C0006661756C74730000526573746F72696EE5
:1066D00067207370696E646C65000000536C6565BB
:1066E00070696E670000000010B553A0FFF78EF8C8
:1066F000534800788C2809DB52A0FFF787F85049EF
:1067000009788A39C8B2FFF797F803E04C4908784E
:10671000FFF792F800F07AFC494989793631C8B21E
:10672000FFF78AF800F072FC454909791131C8B2C7
:10673000FFF782F800F06AFC41498978C1F1150140
:10674000C8B2FFF779F800F061FC3D49C9785A31C9
:10675000C8B2FFF771F800F059FC39494978C1F126
:106760005E01C8B2FFF768F83548C079A8B100F0FB
:1067700055FC3348C079022808D0032802D01E28CF
:106780000AD104E0302000F03BFD05E000BF2C49B9
:10679000C879FFF751F800BF00BF00F03FFC284860
:1067A000407A60B1102802D020280CD103E03320B9
:1067B00000F026FD07E0342000F022FD03E0352044
:1067C00000F01EFD00BF00BF00F028FC1C48007A4E
:1067D000A0B11B48007A00F0800020B100F01EFC40
:1067E000372000F00DFD1648007A00F0400050B14F
:1067F00000F014FC382000F003FD04E000F00EFC73
:10680000392000F0FDFC10A0FFF700F80C49087DCE
:10681000FFF712F80DA0FEF7F9FF09490869FEF726
:10682000DBFF0BA0FEF7F2FF0549C8680021FEF769
:1068300047FF00F0D5FB10BD5B47433A470000001F
:106840001408002033382E00205400002046000099
:106850002053000010B50248FEF7D8FF10BD00001D
:10686000D49400082DE9F041824890F830100020BF
:1068700000F0F0FB7F4890F83610012000F0EAFBB2
:106880007C48418E022000F0E5FB7A48818E03208F
:1068900000F0E0FB774890F84800C0F38001042046
:1068A00000F0D8FB734890F84800C0F38011052031
:1068B00000F0D0FB6F4890F84800C109062000F0B6
:1068C000C9FB6C4890F837100A2000F0C3FB6948F8
:1068D0000322816B0B2000F08AFB66480322C16B08
:1068E0000C2000F084FB634890F8480000F00101A0
:1068F0000D2000F0AFFB5F4890F84800C0F3401156
:10690000142000F0A7FB5B4890F84800C0F3C001DA
:10691000152000F09FFB574890F84800C0F3001185
:10692000162000F097FB5348B0F85210172000F0E3
:1069300091FB50480322416D182000F058FB4D4850
:106940000322816D192000F052FB4A48B0F85C1018
:106950001A2000F07FFB47480322016E1B2000F045
:1069600046FB44480022016C1E2000F040FB4148D9
:106970000022416C1F2000F03AFB3E4890F848008E
:10698000C0F34001202000F065FB3A4890F8490030
:1069900000F00101212000F05DFB364890F849002D
:1069A000C0F3C001232000F055FB324890F84900A5
:1069B000C0F30011242000F04DFB2E4890F8490050
:1069C000C0F34011252000F045FB2A48C16C262069
:1069D00000F040FB274890F85010272000F03AFBC9
:1069E0006425002642E0002439E036B1012E0DD0A6
:1069F000022E15D0032E2FD121E01E4A52F824106A
:106A00002A19D0B2032200F0F2FA25E0194A0C321A
:106A100052F824102A19D0B2032200F0E8FA1BE041
:106A20001449183151F824001349F9F748FC074676
:106A30002919C8B20322394600F0D9FA0CE00D48F2
:106A4000243050F8240080F000472919C8B20322EE
:106A5000394600F0CCFA00BF00BF601CC4B2032C62
:106A6000C3DB05F10A00C5B2701CC6B2042EBADB46
:106A7000BDE8F081541000200000614510B502A06F
:106A8000FEF7C4FE10BD00000D0A4772626C203193
:106A90002E3166205B27242720666F722068656C84
:106AA000705D0D0A000000003EB5002429E0694633
:106AB000204600F042FC18B9072000F065FA3EBD00
:106AC0001CA0FEF7A3FE062C02D0072C08D103E081
:106AD00019A0FEF79BFE09E018A0FEF797FE05E05F
:106AE00004F13601C8B2FEF7A7FE00BF00BF3A208E
:106AF00000F086FB684600F061FA00F071FA601C55
:106B0000C4B2072CD3DD0EA0FEF780FE0E4800F0C5
:106B100055FA00F065FA0DA0FEF778FE0A493439FF
:106B2000086CFEF73FFE00F05BFA00F013F800BFC0
:106B3000C5E700005B47000032380000333000003A
:106B40005B4739323A000000480800205B544C4F44
:106B50003A0000000EB50AA0FEF758FE0A49684642
:106B600002F050F9684600F029FA3A2000F048FB9C
:106B700006498879FEF760FE00F032FA0EBD00008B
:106B80005B5052423A000000C8000020A8000020DC
:106B90002DE9F04389B0CF4A07CA06AB07C306A95F
:106BA00003A802F02FF93C2000F02AFBCA48007825
:106BB000082815D007DC78B1012833D0022835D059
:106BC00004285DD12AE010280ED0202822D04028A9
:106BD00030D0802854D14FE0C0A0FEF717FE4FE020
:106BE000C0A0FEF713FE4BE0BB48C07800F0800069
:106BF00078B9BDA0FEF70AFEB748C07800F00100E2
:106C000018B1302000F0FCFA02E0312000F0F8FA70
:106C100036E000BFB6A0FEF7F9FD31E0B5A0FEF703
:106C2000F5FD2DE0B5A0FEF7F1FD29E0B5A0FEF7DA
:106C3000EDFD25E0B5A0FEF7E9FDA748C07800F01E
:106C4000080018B1332000F0DBFA14E0A248C07845
:106C500000F0040060B1A048C07800F0200018B136
:106C6000312000F0CDFA06E0302000F0C9FA02E051
:106C7000322000F0C5FA03E0A6A0FEF7C7FD00BF72
:106C800000BFA64890F8370000F0010010B192480C
:106C9000C07B50BB002426E0A14A52F824100C3AD5
:106CA00052F82400F9F781FA4DF82400022C08D19B
:106CB0009B4A343A5DF82400116CF9F776FA4DF8E6
:106CC0002400964890F8370000F0010048B95DF8BC
:106CD000241003AA52F82400F9F7B9FA03A941F8DD
:106CE0002400601CC4B2032CD6DB8C4890F837001B
:106CF00000F0010018B18BA0FEF788FD02E08BA028
:106D0000FEF784FD03A800F059F9844890F8370095
:106D100000F0020078B187A0FEF778FDFEF74CFB8B
:106D20000746FEF789FD2C2000F06AFA00F09EF974
:106D30000746FEF781FD81A0FEF768FD01F018F916
:106D40000746FEF749FD2C2000F05AFA624908690F
:106D50000021FEF7B5FCFDF75BFB064602F032F8BA
:106D60000546FEF7AFFD804646EA050040EA08000A
:106D7000A0B374A0FEF74AFDB8F1000F02D0502076
:106D800000F03EFA8EB106F0010010B1582000F07C
:106D900037FA06F0020010B1592000F031FA06F07F
:106DA000040010B15A2000F02BFABDB105F001002B
:106DB00010B1442000F024FA05F0020010B1522076
:106DC00000F01EFA05F0040010B1482000F018FA97
:106DD00005F0080010B1532000F012FA3E48C07BC5
:106DE000002805DD3C48C07B401E3B49C87317E0C6
:106DF0003948007800F07C0018B11D203649C8736E
:106E000002E009203449C8733348807B10B901205F
:106E1000314988734DA0FEF7F9FC684600F0CEF8C2
:106E20002D48807B002805DD2B48807B401E2A49A9
:106E3000887347E02848007800F07C0018B11320E0
:106E40002549887302E009202349887341A0FEF791
:106E5000DDFC2149887AFEF7EFFC2C2000F0D0F908
:106E60001D49C87AFEF7E8FC2C2000F0C9F91A4940
:106E7000087BFEF7E1FC00F0B1FE8146FBF7EEFD7A
:106E80000746B9F1000F00D1DFB134A0FEF7BEFC18
:106E9000B9F1000F09D0B9F1010F03D1532000F06F
:106EA000AFF902E0432000F0ABF907F0010010B1A8
:106EB000462000F0A5F907F0020010B14D2000F0C7
:106EC0009FF900BF3E2000F09BF900F0AFF809B039
:106ED000BDE8F083BC000020A800002049646C6578
:106EE0000000000052756E00486F6C643A000000AC
:106EF0004A6F6700486F6D6500000000416C617269
:106F00006D000000436865636B000000446F6F72A2
:106F10003A000000536C65657000000054100020BA
:106F2000480800207C4D506F733A00007C57506F2A
:106F3000733A00007C42663A000000007C46533AF7
:106F4000000000007C506E3A000000007C57434F68
:106F50003A0000007C4F763A000000007C413A0085
:106F600070B505460C4607A0FEF750FC2846FEF714
:106F700063FC3D2000F044F92046FEF752FC00F08F
:106F800055F870BD244E000010B504461CB907A08A
:106F9000FEF73CFC08E007A0FEF738FC2046FEF7B1
:106FA0004BFC00F043F800BF00BF10BD6F6B0D0A33
:106FB000000000006572726F723A000070B50546FD
:106FC00000240AE055F82400FEF7ECFB022C02DA5C
:106FD0002C2000F015F9601CC4B2032CF2DB70BD4C
:106FE00010B55D2000F00CF900F020F810BD70B570
:106FF00006460C461546304600F020F82946204645
:10700000FEF75EFB00F012F870BD000010B502A0A4
:10701000FEF7FCFB10BD00002047000010B502A0E9
:10702000FEF7F4FB10BD0000204D000010B502A0DB
:10703000FEF7ECFB10BD00000D0A000010B5044681
:10704000242000F0DDF82046FEF7F6FB3D2000F09E
:10705000D7F810BD70B505460C462846FFF7EEFF81
:10706000E0B2FEF7E9FBFFF7E1FF70BD10B5FBF7FB
:1070700037FA90B11248047812480078A04206DB33
:1070800010480078001BC0F1FE00C0B210BD0D48D2
:107090000078201A401EC0B2F8E70B4804780B486D
:1070A0000078A04206DB09480078001BC0F1FE0012
:1070B000C0B2EBE705480078201A401EC0B2E5E7F1
:1070C00039000020380000203D0000203C00002056
:1070D00000B587B0012144F20400FAF771FA4FF4C9
:1070E0000070ADF8040018208DF8070003208DF81B
:1070F000060001A91C48F9F7D7FF4FF48060ADF8EE
:10710000040004208DF8070001A91748F9F7CCFF07
:107110004FF4E13003900020ADF81000ADF81200FC
:10712000ADF81400ADF818000C20ADF8160003A956
:107130000E48FBF765F901210C48FBF706F901221F
:1071400040F225510948FBF736F925208DF8080053
:1071500001208DF809008DF80A008DF80B0002A8B7
:10716000FAF7AAF907B000BD000801400038014055
:1071700010B5FBF7B5F988B11248047812480078C9
:10718000A04201D1FF2010BD1049085D611CCCB2A6
:10719000FE2C00D100240B490C70F4E70C48047855
:1071A0000C480078A04201D1FF20ECE70A49085DB5
:1071B000611CCCB2FE2C00D1002405490C7000BF2C
:1071C000E1E700003900002038000020D400002052
:1071D0003D0000203C0000205202002004480078BE
:1071E000044908700448007804490870704700009A
:1071F00038000020390000203C0000203D00002025
:1072000070B50546FBF76CF978B915480078401C55
:10721000C4B229461348FBF75FF900BF1148008844
:1072200000F080000028F9D070BD0F480078401CA5
:10723000C4B2802C00D1002405E00C48007800F096
:10724000100000B1F0E70A4800788442F5D0094800
:107250000549097845540448047000BFE4E700007C
:107260003E000020003801403A00002001000020CC
:107270003B000020D20100201FB501211020FAF7A9
:107280008FF936208DF80C0003208DF80D008DF855
:107290000E0001208DF80F0003A8FAF70DF9362033
:1072A00000F01F02012191404209920002F1E02208
:1072B000C2F8001100BF6846FAF74AFF40F60F60B7
:1072C000ADF800000020ADF80200C720ADF80400C2
:1072D0000020ADF8060069460748FAF7E7FE0122EC
:1072E00011460548FAF782FE01210348FAF701FE2C
:1072F000FBF774FB1FBD00000010004010B5FFF746
:10730000DFF838B90720FFF73FFEFF2000F04AF80A
:10731000FFF7A8FA10BD10B5044650224FF4707163
:107320002046FDF7FBFD30B900202070204600F01C
:10733000E5F8002010BD0120FCE770B505460C46BD
:1073400005EB850000EBC50000F500760C22314608
:107350002046FDF7E3FD48B9002020606060A06092
:107360002146284600F0CBFA002070BD0120FCE742
:1073700070B505460C4605EB051000EB851000F5D1
:107380004076502231462046FDF7C8FD38B900202E
:1073900020702146284600F0A1FA002070BD01208F
:1073A000FCE700003EB5044604F00100002856D07A
:1073B0000A20464981F83000192081F83600002063
:1073C000488606208886012081F837004048886377
:1073D0004048C86340480864002048640320A1F87E
:1073E00052003E4848653E488865FA20A1F85C0096
:1073F00040070866002081F84800084690F84800D9
:1074000040F0080081F84800084690F8480040F035
:10741000100081F84800002081F849000A20C86463
:10742000002081F850002F480860486088602E488E
:10743000C8600146254801612C4941612C48234917
:10744000886101462148C16101622A481F4948629A
:1074500001461E4881622849C16202F013F804F017
:10746000020070B10020009001900290002505E01C
:107470006946284600F043FA681CC5B2072DF7DDBF
:1074800000BF04F0040098B100214FF44070FBF7F6
:10749000ABFC002140F20130FBF7A6FC002140F2DA
:1074A0005130FBF7A1FC002140F25230FBF79CFC6D
:1074B00004F0080048B100214FF47070FBF794FC11
:1074C000002140F2C130FBF78FFC3EBD541000207C
:1074D0000AD7233C6F12033B00007A440000C841E6
:1074E0000000FA43000048440000FA440000C8428B
:1074F00000A08C470000FAC3000048C310B5044642
:10750000502221464FF47070FDF72BFD10BD000096
:107510002DE9F04105460E4600213046F9F7DAF82C
:1075200002D20420BDE8F081642D44DBA5F16400A3
:10753000C5B200243BE0032D2EDA34B1012C10D06B
:10754000022C13D0032C25D11DE0E24840F8256021
:10755000FDF79CFF01F04AFBFDF7B6FFFCF7CEFEFE
:1075600018E0DC480C3040F8256013E0DA4930467A
:10757000F8F773FE0746D849F8F76FFED54918317A
:1075800041F8250006E086F00041D248243040F85A
:10759000251000BF00BF0CE0601CC4B20A2D01DB47
:1075A000042C01D10320BDE7A5F10A00C5B2042CCB
:1075B000C1DB00BF8AE1304601F002FF0746F8F761
:1075C000FCFFC4B2282D6ED2DFE805F0141C202584
:1075D0002A3D506D6D6D666A6E716D6D6D6D6D6D70
:1075E00086A1B6D0D4D7DADE6D6DE1E6F3F1F0EF27
:1075F000EEEDECEB032C01DA062093E7B54880F8BA
:10760000304061E1B34880F836405DE1B1484486DE
:1076100000F07CFC58E1AF48848600F077FC53E131
:1076200044B1AC4890F8480040F00400A94981F802
:10763000480007E0A74890F8480020F00400A5495A
:1076400081F8480040E144B1A24890F8480040F079
:107650004000A04981F8480007E09E4890F84800A3
:1076600020F040009B4981F848002DE144B1994841
:1076700090F8480040F08000964981F8480007E003
:10768000944890F8480020F08000924981F8480022
:107690000020FEF7FDF817E18E4880F8374013E12F
:1076A0008C48866310E10DE18A48C6630CE144B161
:1076B000884890F8480040F00100864981F8480069
:1076C00007E0844890F8480020F00100814981F8E3
:1076D000480001F0D3FDF7E084B17E4890F84800FF
:1076E00000F0100008B90A201CE77A4890F848001A
:1076F00040F02000774981F8480007E0754890F88D
:10770000480020F02000734981F84800DCE044B1D3
:10771000704890F8480040F008006E4981F8480031
:1077200007E06C4890F8480020F00800694981F8AB
:107730004800FCF7CFFFC7E044B1664890F8480026
:1077400040F01000634981F848000EE0614890F86D
:10775000480020F010005F4981F84800084690F882
:10776000480020F0200081F84800ADE05948A0F81A
:107770005240A9E057484665A6E056488665A3E012
:107780005448A0F85C409FE0524806669CE051488F
:10779000066400F037FA97E04E48466400F032FA8B
:1077A00092E084E065E051E029E03CE03AE013E05B
:1077B000FFE744B1474890F8480040F002004549CF
:1077C00081F8480007E0434890F8480020F00200A4
:1077D000404981F8480077E044B13E4890F84900BC
:1077E00040F001003B4981F8490007E0394890F832
:1077F000490020F00100374981F8490064E044B1B4
:10780000344890F8490040F01000324981F84900AE
:1078100007E0304890F8490020F010002D4981F829
:10782000490051E050E044B12A4890F8490040F046
:107830000800284981F8490007E0264890F84900E7
:1078400020F00800234981F849003DE044B1214877
:1078500090F8490040F020001E4981F8490007E0F7
:107860001C4890F8490020F020001A4981F849008E
:107870002AE0642C07DDC82C05D0782C03D06420C6
:107880001449C86412E01CB901201249C8640DE013
:10789000782C03D178200F49C86407E0C82C03D1A5
:1078A000C8200C49C86401E00A48C4640CE024B153
:1078B0000120084981F8500003E00020054981F8C3
:1078C000500001E003202DE600BF00BF01F0DAFD0B
:1078D000002027E6541000200000704270B50446D6
:1078E0000D46FEF73BF804EB041000EB841000F5A6
:1078F0004076502229463046FDF733FB70BD70B507
:1079000004460D46FEF72AF804EB840000EBC400A1
:1079100000F500760C2229463046FDF722FB70BDAB
:107920002DE9F8430446024652486946B0EB420F3F
:1079300009D94FF0E640B0EB420F94BF00204FF062
:10794000FF30009030E04C4B22F00040834271D970
:107950004A492046F8F781FCF8F767FF8046F8F7B8
:1079600013FE00F00300009045494046F8F775FC0F
:10797000054644494046F8F770FC064642494046F1
:10798000F8F76BFC074641494046F8F766FC21468C
:10799000F8F760FC3946F8F75AFC3146F8F757FC1F
:1079A0002946F8F754FC04462546009C002C45DB8C
:1079B000294614F0010F08461ED0F8F74EFC054684
:1079C0003349F8F74AFC3349F8F7EFFB2946F8F753
:1079D00044FC3149F8F7E9FB2946F8F73EFC4FF043
:1079E0007E51F8F7E2FB14F0020F08BFBDE8F88300
:1079F00080F00040BDE8F883F8F72FFC06462749E1
:107A0000F8F72BFC2649F8F725FC3146F8F725FC5A
:107A10002449F8F7CAFB3146F8F71FFC2946F8F766
:107A20001CFC2946F8F7C1FB14F0020FE0D1BDE8B9
:107A3000F883FFE71046FAF779FDB4E76800B0F184
:107A40007F4F09D22846FAF750FD042808BFFAF7FD
:107A500068FD2846BDE8F88306D10120FAF72AFE22
:107A6000BDE8F843FAF759BD2846BDE8F843FAF7F0
:107A70004FBD0000B61F927E490E494683F9223F52
:107A80001A61342C0020A23300A0FD390000C93F48
:107A9000B93AB2BACA9F2A3DDDFFFFBE336D4C39F9
:107AA000DA82083CA0AA2ABE2DE9FC5F814646493D
:107AB000087BF8F764FD06464449F8F7CEFB054617
:107AC0004946F8F7CAFB8146414A116C506CF8F7F9
:107AD0000BFE05D93E48016C4846F8F705FE17D85D
:107AE0003B48006C3849086164243948C06C4FF445
:107AF0007A71B1FBF0F43648C06CC82801D140F669
:107B000048543348C06C78285AD140F2413457E089
:107B10002F48416C4846F8F7DDFD15D8002148464E
:107B2000F8F7D8FD04D1002027490861002447E078
:107B30002748406C2449086101242548C06CC828A6
:107B40003ED140F6B9043BE01F48C0F810902048F1
:107B5000416C4846F8F77BFB83461E48016858464F
:107B6000F8F77BFB8246F8F755FD0746FBF742F92D
:107B70000546F8F736FD401C84B21548C06CC8288D
:107B80001ED11348416C4846F8F761FB009011483C
:107B900001680098F8F761FB0190F8F73BFD824619
:107BA000FBF728F9054600220B4BF8F7C6FB074602
:107BB000F8F717FD044604EB440000EBC41084B250
:107BC0002046BDE8FC9F0000A80000200AD7233C07
:107BD00054100020540000200000314010B5002453
:107BE0000748F9F735FBC4B2002030B104F4005067
:107BF00008B1022010BD0120FCE70020FAE70000D8
:107C00000010014070B588B06A4A516C106CF8F7EA
:107C10001EFB054629464FF07E50F8F750FB044600
:107C20006549F8F717FB65490860624A516C106CAA
:107C3000F8F70DFB06465F48C06C4FF47A71B1FB54
:107C4000F0F0451E2846F8F79AFC04463146F8F74E
:107C500036FB5A4908605748C06CC8280BD1554AB2
:107C6000516C106CF8F7F3FA044621465448F8F7C3
:107C700026FB524908604F48C06C78280BD14D4A0A
:107C8000516C106CF8F7E3FA044621464D48F8F7BA
:107C900016FB4A49086001211020F9F791FC0320E6
:107CA0008DF81E0010208DF81F004002ADF81C005A
:107CB00007A94548F9F7F8F903208DF81E001020B0
:107CC0008DF81F004002ADF81C0007A93E48F9F7E7
:107CD000EBF90121C802F9F773FC00200090019034
:107CE0000290039004A8FAF733FA3848006838493C
:107CF000B0FBF1F0401E80B2ADF810000020ADF8EE
:107D000012006320ADF814002A48C06C4FF47A7159
:107D1000B1FBF0F0401E80B2ADF814002548C06CF5
:107D2000C82803D148F23420ADF814002148C06CB3
:107D3000782803D14FF45070ADF814000020ADF84E
:107D400016008DF8180004A92248FAF7AFF9602050
:107D5000ADF800000020ADF806000120ADF80200EB
:107D60000020ADF8080069461A48FAF749F90821D9
:107D70001848FAF791F900211648FAF717F9012186
:107D80001448FAF7B6F801210420F9F719FC03208A
:107D90008DF81E0018208DF81F004FF48070ADF88C
:107DA0001C0007A90C48F9F77FF900F071F808B03A
:107DB00070BD0000541000200000C8425400002094
:107DC0000000104100005044001001400C00002051
:107DD00040420F00002C01400008014010B504464D
:107DE0000C48048054B900210A483438FAF7DEF808
:107DF0004FF480410848F9F73CFA09E001210548B1
:107E00003438FAF7D3F84FF480410348F9F733FADE
:107E100010BD0000342C01400010014070B5044634
:107E20000D461848407800B170BD2CB900201549A6
:107E3000086100F02DF820E0102C05D1002261022D
:107E40001148F9F71AFA04E0012251030E48F9F734
:107E500014FA0E4890F8480000F0020010B1202CEF
:107E600000D100252846FFF71FFE0646FFF7B6FFA4
:107E7000012251030448F9F700FA002001498873F0
:107E800000BFD1E7A80000200010014054100020DE
:107E900010B500210748FAF789F84FF480410648E9
:107EA000F9F7E7F900224FF400510348F9F7E5F933
:107EB00010BD0000002C01400010014070B50446C8
:107EC0000D4606480078022800D170BDFDF746FD3A
:107ED00029462046FFF7A2FF00BFF6E7A8000020D2
:107EE00070B50546F8F772FC044620F00040C0F17A
:107EF000FF40C00F08D025F00040C0F1FF40C00F88
:107F000004BF0120FAF7D6FB204670BD0021134ABA
:107F10001180134A118000201DE01249498E012270
:107F20008240114039B1104931F810100B4A1288C3
:107F300011430A4A11800B49898E01228240114067
:107F400039B10A4931F81010054A12881143044A20
:107F50001180411CC8B20328DFDB70475C000020A1
:107F60005E00002054100020A0940008A694000891
:107F70000448007800F07C0010B10348C0697047E5
:107F80000020FCE7A8000020E811002010B51C48E4
:107F9000008820F001001A49088000201849243187
:107FA0000880184908700024174890F83600FF2808
:107FB00006D11648007818B915480078802809D1EC
:107FC00013480078042805D00F4991F83600F8F7D7
:107FD0007DFD01240C4890F8480000F0040020B119
:107FE0000CB9012000E00020044624B10121094819
:107FF000F9F741F903E001210648F9F73AF910BD14
:10800000000C0040600000205410002002000020FE
:10801000A8000020000C01400146481CC1B20929FB
:1080200001D1002070470846FCE7000000B597B07A
:10803000FA48407900F0010008B117B000BDF2E342
:10804000F748006800287DD1F448407900F004002A
:1080500020B1FDF701FAF249086003E0FDF7C8F925
:10806000EF490860EE48006800B9E6E7ED4840785F
:1080700000F0010018B10020EA4948709AE0E94890
:1080800000780790FFF7C8FFE649087008460078B7
:1080900000EB8000E44901EB8000E4490860E0481F
:1080A0000068008A09680882002008900EE0DC4819
:1080B0000168089851F82000C100DC48026808985F
:1080C00042F820100898401CC0B208900898032875
:1080D000EDDBD3480068C068C000D4490968C860B7
:1080E000CF480068C0680790F8F749FACD49886022
:1080F000CB480068006A0790084680680690079998
:10810000F8F7DDF8C749C8600846C068014607901F
:10811000C748F8F7D4F8C349086100204860BF4851
:10812000407900F0020020B90846407800F00800CD
:10813000C0B1BC48406ABB49C8610846406A079064
:10814000084600E0A6E1406A06900799F8F785F82E
:10815000B34909684861B348407820F00801B14844
:10816000417007E0AE48006840690790FFF7B8FE2D
:10817000AC49C8610020AD4909688874AD4890F8E1
:10818000480000F00200A0B1A5480068807C00F023
:10819000200070B1A2480068C06A014607904FF005
:1081A0007E50F8F78CF89F49086301209F490968C1
:1081B000887400BF00209B49886199480068C069A5
:1081C000014608904FF07C50F8F779F809909348F1
:1081D000407900F00200D0B302209249087590481F
:1081E00000684069014606900998F8F736F807904C
:1081F0008B480068006A014606900798F8F72AF84D
:10820000089000210898F8F765FA21D284480068A0
:10821000C069014604904FF08040F8F71EF80590C1
:108220007F480068006A014604900598F8F715F841
:1082300006907B4800684069014605900698F8F76B
:1082400009F80790FFF74CFE7649486205E005E023
:108250007449089888610020486214E1002171483F
:1082600001756F480068006A6E4988626B48407902
:1082700000F0040018B100200890486207E0FDF704
:10828000CFF808900898FFF72BFE664948626448CB
:108290000068FDF707F8079007990846F7F7DDFF34
:1082A00006905F480068406901900899F7F7CFFF92
:1082B00002900999F7F7D1FF039059480068006AC6
:1082C000014602900398F7F770FF4FF07C5104903D
:1082D000F7F7C3FF0590524800684069049006997B
:1082E000F8F702FA55D24E480068406902900699A4
:1082F000F7F7ADFF03900999F7F7AFFF04904848EF
:108300000068006A014603900498F7F7A3FF454907
:1083100088620846806A00210490F8F7DBF928D8C3
:108320000220404908753E480068C0690146019036
:108330004FF08040F7F791FF029039480068006ADB
:10834000014601900298F7F788FF039034480068CF
:108350004069014602900398F7F77CFF0490FFF70D
:10836000BFFD304948620846407840F00800487038
:1083700088E008990698F7F76AFF04900999F7F7DB
:108380006CFF2849C86207980862032125480175D7
:1083900078E000210598F8F7A7F96DD22048006829
:1083A000006A014604900598F8F794F960D208999C
:1083B0000698F7F74CFF04900999F7F74EFF194913
:1083C000C8620846C06A04900599F8F783F933D269
:1083D0001449079808621248006840690490069999
:1083E000F8F778F903D101200E4908754AE00C48E6
:1083F00000684069014602900698F7F728FF03904D
:108400000999F7F72AFF04900648806A014603900D
:108410000498F7F71FFF0349886233E0A8000020A3
:1084200064000020E8110020B8100020680000203F
:108430000000A03F54100020FB4905988862059871
:10844000C862FA480068C069014601904FF0804058
:10845000F7F703FF02900599F7F7FFFE03900899DD
:10846000F7F7A3FE0490FFF73BFDEF49086209E030
:108470000220ED49087505E00020EB4988620846B6
:10848000416A016200BFEA48407940F00800E849CB
:10849000487100BFE748E849097800EBC100169031
:1084A000E148017816980171E44815900020149075
:1084B00015981390DD480068006A1090DA4800694A
:1084C000014609901098F7F7C2FE0F9000210F980F
:1084D000F8F700F901D200200F9000BFD248007DCC
:1084E00000285DD001287DD003287CD1CF480068CA
:1084F000C06909901399F7F7B0FE1190CA48006A55
:108500000890C948C06907900899F7F7A0FE09903C
:108510001199F8F7DFF824D8C348806A1090C24850
:10852000006A0790C048C06906900799F7F73DFEBA
:108530000990BE480068006A06901099F7F787FE18
:108540004FF080410790F7F788FE08900999F7F7F8
:10855000B6FE13900121B4480175006AB249C861A2
:108560001DE04FF07C501199F7F777FE0790AE4869
:10857000C069014606900798F7F76CFE08901399BA
:10858000F7F76BFE09901099F7F764FE1090A64874
:10859000C06909901199F7F75AFEA349C861EAE04A
:1085A000A2480068C06909901399F7F756FE119028
:1085B0004FF07C501199F7F750FE07909A48C06928
:1085C000014606900798F7F7F0FD08901399F7F722
:1085D00044FE09901099F7F73DFE10909248806A8A
:1085E000014601E03FE06BE009901098F8F772F85F
:1085F00030D28D48806A10908B48006A07908A4874
:10860000C06906900799F7F7D0FD09908748006880
:10861000006A06901099F7F71AFE4FF08041079014
:10862000F7F71BFE08900999F7F749FE13907E486B
:10863000C06A014609901098F8F74CF803D102205F
:108640007949087502E00120774908757648016A82
:10865000C16107E07448C06909901199F7F7A5FD59
:108660007149C86187E07048006A08901399F7F76C
:10867000F4FD09901099F7F7EDFD12906A48C06A71
:10868000014609901298F8F725F816D26648C06A94
:10869000014608901098F7F7DAFD09906248006AE1
:1086A000014608900998F7F70AFE13905E48C06AE1
:1086B000109002215C48017501E0129810905AE078
:1086C0005A480068C06909901399F7F7C6FD1190E0
:1086D0005548C06909901199F8F706F828D24FF06B
:1086E0007C501199F7F7B9FD07904F48C0690146D2
:1086F00006900798F7F7AEFD08901399F7F7ADFDD0
:1087000009901099F7F7A6FD129047488069014635
:1087100009901298F7F7E8FF0AD212981090424891
:10872000C06909901199F7F792FD3F49C86122E0AD
:108730003D48406A07903C48C06906900799F7F7A2
:1087400034FD099038488069014606901098F7F783
:108750007EFD4FF080410790F7F77FFD0890099963
:10876000F7F7ADFD13903048806910902E48406AAD
:108770002D49C86100BF00BFDDE91310F7F715FDF3
:108780001490DDE91401F7F7A5FF05D2DDE9141017
:10879000F7F75DFD139010E0DDE90F10F7F7A4FF88
:1087A0000AD226491598F7F700FD1590DDE9141057
:1087B000F7F74DFD139000E008E01B488069014683
:1087C00009901098F7F790FFFFF488AE00BF1C489F
:1087D0000068807C20B91648407900F0080088B312
:1087E00012480068807C00F0300060B30F480068D9
:1087F000006B099012480068807C68B10A48006BE1
:1088000007900948C06906900799F7F726FD089078
:108810000999F7F722FD09900998FFF745F90249F0
:1088200081F8340016E0FEE0E8110020640000202A
:10883000A80000206C110020590000203EC3AE3873
:10884000680000200CE0FFE700207B4908617B49BD
:1088500081F834007848407920F008007649487162
:10886000764890F83410169881717448C068099061
:108870001099F7F7F2FC0E900E98FAF773F80D9036
:108880006E4880680990FAF76DF80C90DDE90C01EC
:10889000F7F7DDFC0990F7F790FE81B2169801809A
:1088A0001698008860B96448407900F0020038B139
:1088B0006148407940F001015F484171FFF7BDBB5D
:1088C0005E484068014609901498F7F76EFC1490D2
:1088D0000E990C98F7F7BBFC014609901498F7F72E
:1088E000EEFC0B90564800685649B0FBF1F0484347
:1088F0000590F7F744FE06900B99F7F7AEFC524946
:108900000790F7F7AAFC0890FAF72CF80990F7F708
:1089100054FE0A904A4800684FF4FA51B0FBF1F156
:108920000A98814203D900211698417129E04448F0
:1089300000684FF47A61B0FBF1F10A98814203D9E3
:108940000121169841710FE03D4800684FF4FA612B
:10895000B0FBF1F10A98814203D9022116984171C6
:1089600002E0032116984171169841790A98C8408F
:108970000A901698008816994979884081B216980D
:1089800001800A98B0F5803F04D20A9881B2169807
:10899000418003E04FF6FF71169841802B48007824
:1089A0002B49087029480078401CC0B2274908703C
:1089B0000A2801D100200870264910980968086229
:1089C0001E490D988860DDE90D01F7F740FC09901C
:1089D0000B99F7F742FC194948600846806901463F
:1089E00009901098F7F776FE1CD100211098F7F740
:1089F0007BFE06D21048407940F001000E494871D4
:108A00005CE70D48407900F0040030B10A48407935
:108A100040F001000849487150E700200D49086006
:108A2000FCF7ACFC00BF0C48007808490978884284
:108A30007FF406AB00BF41E7A8000020E81100204A
:108A40000C00002040420F00000070425A0000203D
:108A500059000020640000205800002010B5FFF7E6
:108A600095FA38212248F7F788FB2C212148F7F79F
:108A700084FB00201F4988621F4908601F49087055
:108A80001F49087001201F49087000201E49087006
:108A9000FFF73CFA1D4800881649488200BF1C4871
:108AA000008800F001000028F9D14FF6FC70184949
:108AB000103108801748006820F0540016490978E2
:108AC00001F054010843134908600846006820F08B
:108AD000A8000E49097801F0A80108430D49086073
:108AE0000122A8210B480C38F8F7C7FB10BD000085
:108AF000E8110020BC110020640000205800002074
:108B0000590000205A000020600000205E00002074
:108B1000000400400C0801405C00002010B50A4829
:108B2000006880B10948407840F00100074948706A
:108B30000A46D169D069F7F790FB03490968486193
:108B400000200149086010BD64000020E8110020E9
:108B500010B51E4890F8480000F0040020B1012133
:108B60001B48F8F788FB03E001211948F8F781FB5F
:108B70001848008818490882184800681849B0FB4E
:108B8000F1F0124991F8301048431349C881084662
:108B9000C0891449088001201249183908804FF60D
:108BA000FE70091F08800C48806A4088401E0E49EC
:108BB000088001200C49183908800B482C3800889F
:108BC00040F0010008492C39088010BD54100020E5
:108BD000000C01405C000020BC1100200C000020B3
:108BE00040420F002C0400402C0C004008B501212D
:108BF0000820F8F7E5FC03208DF8020010208DF81E
:108C000003000120ADF8000069463948F8F74CFA36
:108C100001213748F8F72FFB01210420F8F7D0FC99
:108C20005420ADF8000069463248F8F73DFA0122B9
:108C300054213048F8F721FB01210420F8F7C0FC4B
:108C4000A820ADF8000069462A48F8F72DFA01225D
:108C5000A8212848F8F711FB2748C06940F0080010
:108C60002549C86101231A4619462448F9F74EF9E7
:108C70002148C06940F002001F49C8610023012259
:108C800011461F48F9F742F91C48008820F00100FE
:108C90001A49088019481030008820F0010017494F
:108CA00010310880002015492431088014480088BC
:108CB00020F001001249088011481030008820F08F
:108CC00003000F491031088000200D49243108802D
:108CD00000211D20F8F732FC01213220F8F72EFC8C
:108CE0001D20F8F7DDFB3220F8F7DAFB08BD0000A5
:108CF000000C01400008014000100240000C004040
:108D00000004004010B500F05DF800F0010010BD57
:108D100070B5054600242DE01848B0F85210012027
:108D2000A040014099B155F824000021F7F7D2FC8A
:108D30000BD31248243050F8240080F0004655F838
:108D400024103046F7F7C6FC12D2012070BD55F84A
:108D500024000021F7F7C8FC08D3084A243252F84F
:108D6000241055F82400F7F7B5FC01D20120EDE7F7
:108D7000601CC4B2032CCFDB0020E7E754100020B6
:108D800072B600200149087062B6704704000020E6
:108D900072B600200149087062B6704702000020D8
:108DA00072B600200149087062B6704703000020C7
:108DB00072B6034909788143014A117062B670475F
:108DC0000100002070B500240D48F8F741FA05466F
:108DD0009DB105F0800008B944F0010405F04000A1
:108DE00008B944F0020405F0080008B944F004048E
:108DF00005F0100008B944F00804204670BD0000DA
:108E0000000C014070B505460E46002407E02146DF
:108E1000304600F007F845F82400601CC4B2032C6B
:108E2000F5DB70BD2DE9F04105460C4655F82400F0
:108E3000F7F79CFB0746054850F824103846F7F72B
:108E40003EFA06463046BDE8F0810000541000208E
:108E5000FEB504460120029000259DF80800205C24
:108E6000472821D005DC48B124281CD0432862D1F2
:108E70001BE04A2805D058285DD117E0FDF7EAFC31
:108E8000BAE1DF48007828B1DD480078202801D019
:108E90000820FEBDA0783D2801D00320F9E7204638
:108EA000FAF754F8F5E700BF00BF00BFA07808B19B
:108EB0000320EEE76078242806D0432811D0472805
:108EC0000CD0582835D122E0CD48007800F01800A9
:108ED00008B10820DDE7FDF7C5FC2AE0FDF704FC3A
:108EE00027E0C7480078022805D1FBF7E9FF0520F5
:108EF000FDF762FB0AE0C248007808B10820C8E725
:108F00000220BF4908700420FDF756FB11E0BC4861
:108F1000007801280CD1BB490870FFF7F3FE08B1B7
:108F20000D20B6E70320FDF747FB0020B449087089
:108F300000BF00BF60E1B248007828B1B0480078B7
:108F4000012801D00820A4E76078492867D008DC10
:108F500023280DD0262870D02A286FD048286ED11B
:108F60000DE04E286CD052286BD05328F7D148E042
:108F7000A07808B103208CE7FDF796FD3AE1A248FE
:108F800090F8480000F0100008B9052081E7FFF7CD
:108F9000B9FE08B10D207CE7042099490870A0783B
:108FA00030B90020FBF7A2FE0120984908701AE0B2
:108FB000E078B0B9A078582804D0592806D05A28AB
:108FC0000CD107E00120FBF791FE09E00220FBF73E
:108FD0008DFE05E00420FBF789FE01E0032058E741
:108FE00001E0032055E78648407848B900208449CD
:108FF0000870FEF7CBFFA07810B9204600F01EF9EC
:10900000F8E0A0784C2804D1E078502801D12079EC
:1090100008B103203DE7802000F0C8F9EAE09DF8A0
:109020000800401CC0B20290205C58B92046FEF7F0
:1090300072F92046FDF76EFA23E023E026E084E093
:1090400061E036E09DF80810481CC0B20290605CF8
:109050003D2801D003201CE79DF8085000BF9DF873
:109060000800205C9DF80810491B60549DF808100A
:10907000481CC0B20290605C0028F0D12046FEF788
:109080003DFAB7E062A0FCF7C1FBB3E001216748FD
:10909000F7F788FF00BF6648006800F4E0606549A4
:1090A0000843001D62490860BFF34F8F00BF00BF37
:1090B000FEE7A078532807D1E078542804D120791E
:1090C0003D2801D1A07908B10320E2E66079232888
:1090D00008D0242802D02A280CD107E00120FEF76E
:1090E00061F909E00220FEF75DF905E0FF20FEF7D7
:1090F00059F901E00320CCE600BF0920FDF75CFA36
:10910000FBF7DEFE76E09DF80800401CC0B202903E
:10911000205C98B900250EE021462846FEF728F984
:1091200018B90720FDF730FF03E021462846FDF778
:1091300017FF681CC5B2022DEEDB5BE030480078FB
:1091400008B10820A5E6012500BF01AA02A9204612
:10915000FDF72CF908B902209BE69DF80810481C81
:10916000C0B20290605C3D2801D0032091E625B397
:109170009DF8085000BF9DF80800205C9DF808107D
:10918000491B60549DF80810481CC0B20290605CF6
:109190000028F0D12046F9F7D9FE05460DB1284642
:1091A00077E6019800F00CF90646F7F706FAC5B223
:1091B00021462846FEF792FB1BE06A4602A920469C
:1091C000FDF7F4F808B9022063E69DF80800205C7A
:1091D00020B919490198F7F787FA01D2032058E618
:1091E0000198F7F7EAF9C6B230460099FEF790F910
:1091F0004FE600BF00BF00BF00BF002049E60000EF
:10920000A800002048000020541000207900002011
:10921000564752424C2D33617869732D312E302ED2
:10922000382E342D333032300D0A000000F801089A
:109230000CED00E00000FA0500007F4370B5044625
:10924000002518E021462846FEF792F830B90020A4
:10925000207007212046FDF79FF90AE0207840B1F1
:109260002046F9F773FE064631462046FDF794F98D
:1092700000BF681CC5B2022DE4DB70BD10B5FCF761
:109280006DFB00200149C87310BD0000A80000203C
:1092900000B587B001210920F8F792F90121334880
:1092A000F7F78EFF03208DF81A0048208DF81B0079
:1092B0004FF4EC70ADF8180006A92D48F7F7F4FE4E
:1092C00006210120F7F7D0FE03210120F7F7CCFE9D
:1092D00004210120F7F7C8FE08210120F7F7C4FE9A
:1092E00007210120F7F7C0FE4FF4EC700490002036
:1092F0008DF814000C208DF8150001208DF8160053
:1093000004A8F7F797FD09208DF80C0002208DF8CE
:109310000D0003208DF80E0001208DF80F0003A82A
:10932000F8F7CAF80A208DF8080002208DF8090025
:1093300003208DF80A0001208DF80B0002A8F8F731
:10934000BBF817208DF8040002208DF805000120DD
:109350008DF806008DF8070001A8F8F7ADF8082190
:109360000348F7F788FF07B000BD00000002300097
:10937000000C014072B6034909780143014A11709B
:1093800062B670470400002072B60249087062B6E7
:10939000704700000200002072B6034909780143BB
:1093A000014A117062B670470300002072B603498B
:1093B00009780143014A117062B67047010000202C
:1093C00070B50546F7F731FA044601462846F6F728
:1093D0003EFF15F0004F4FF07F410AD0B1EB400F38
:1093E00013D3002811DD4FF07E512046F6F7DDFE45
:1093F0000AE0B1EB400F28BFB0F1004F05D94FF0A4
:109400007E512046F6F723FF0446284664F31E00EB
:1094100070BD000010B586B0044601218804F8F73D
:10942000BFF801210820F8F7CBF827208DF80400B9
:1094300003208DF805008DF8060001208DF8070047
:1094400001A8F8F739F802940020ADF80C00ADF847
:109450000E00ADF81000ADF814000C20ADF81200AD
:1094600002A90748F8F7CCFF012240F22551044831
:10947000F8F7A1FF01210248F8F767FF06B010BD19
:109480000048004010B50A210020F9F7ADFC642225
:1094900002490120FBF765FD10BD000054100020BB
:1094A0004000100004008000200008000010002090
:1094B00000400000000000006E83F9A22915444E10
:1094C000D15727FCC0DD34F5999562DB4190433CD0
:1094D000AB6351FE5B484C503A24242024232024C3
:1094E0004720244920244E2024783D76616C202496
:1094F0004E783D6C696E6520244A3D6C696E65202E
:1095000024534C50202443202458202448207E20DB
:1095100021203F206374726C2D785D0D0A000000DD
:109520004095000800000020A800000094260008D4
:10953000E8950008A800002078150000A42600087F
:1095400000000000000000000000000000A24A042B
:1095500000000000000000000102030406070809E3
:1095600000000000000000000102030401020304E7
:1095700006070809020406080000000000000000B9
:1095800000000000000000000000000000000000DB
:1095900000000000000000000000000000000000CB
:1095A00000000000000000000000000000000000BB
:1095B00000000000000000000000000000000000AB
:1095C000000000000000000000000000000000009B
:1095D000FFFFFFFF0000000000000000000000008F
:0895E000000000000000000083
:0400000508000131BD
:00000001FF
